Date,China,France,Germany,Italy,Portugal,Spain,UK,US,China_REL,France_REL,Germany_REL,Italy_REL,Portugal_REL,Spain_REL,UK_REL,US_REL,China_ult7,France_ult7,Germany_ult7,Italy_ult7,Portugal_ult7,Spain_ult7,UK_ult7,US_ult7,China_REL_ult7,France_REL_ult7,Germany_REL_ult7,Italy_REL_ult7,Portugal_REL_ult7,Spain_REL_ult7,UK_REL_ult7,US_REL_ult7
2020-01-22,17,0,0,0,0,0,0,0,0.0,0.0,0.0,0.0,0.0,0.0,0.0,0.0,,,,,,,,,,,,,,,,
2020-01-23,18,0,0,0,0,0,0,0,0.0,0.0,0.0,0.0,0.0,0.0,0.0,0.0,,,,,,,,,,,,,,,,
2020-01-24,26,0,0,0,0,0,0,0,0.0,0.0,0.0,0.0,0.0,0.0,0.0,0.0,,,,,,,,,,,,,,,,
2020-01-25,42,0,0,0,0,0,0,0,0.0,0.0,0.0,0.0,0.0,0.0,0.0,0.0,,,,,,,,,,,,,,,,
2020-01-26,56,0,0,0,0,0,0,0,0.0,0.0,0.0,0.0,0.0,0.0,0.0,0.0,,,,,,,,,,,,,,,,
2020-01-27,82,0,0,0,0,0,0,0,0.01,0.0,0.0,0.0,0.0,0.0,0.0,0.0,,,,,,,,,,,,,,,,
2020-01-28,131,0,0,0,0,0,0,0,0.01,0.0,0.0,0.0,0.0,0.0,0.0,0.0,,,,,,,,,,,,,,,,
2020-01-29,133,0,0,0,0,0,0,0,0.01,0.0,0.0,0.0,0.0,0.0,0.0,0.0,116.0,0.0,0.0,0.0,0.0,0.0,0.0,0.0,0.01,0.0,0.0,0.0,0.0,0.0,0.0,0.0
2020-01-30,171,0,0,0,0,0,0,0,0.01,0.0,0.0,0.0,0.0,0.0,0.0,0.0,153.0,0.0,0.0,0.0,0.0,0.0,0.0,0.0,0.01,0.0,0.0,0.0,0.0,0.0,0.0,0.0
2020-01-31,213,0,0,0,0,0,0,0,0.02,0.0,0.0,0.0,0.0,0.0,0.0,0.0,187.0,0.0,0.0,0.0,0.0,0.0,0.0,0.0,0.02,0.0,0.0,0.0,0.0,0.0,0.0,0.0
2020-02-01,259,0,0,0,0,0,0,0,0.02,0.0,0.0,0.0,0.0,0.0,0.0,0.0,217.0,0.0,0.0,0.0,0.0,0.0,0.0,0.0,0.02,0.0,0.0,0.0,0.0,0.0,0.0,0.0
2020-02-02,361,0,0,0,0,0,0,0,0.03,0.0,0.0,0.0,0.0,0.0,0.0,0.0,305.0,0.0,0.0,0.0,0.0,0.0,0.0,0.0,0.03,0.0,0.0,0.0,0.0,0.0,0.0,0.0
2020-02-03,425,0,0,0,0,0,0,0,0.03,0.0,0.0,0.0,0.0,0.0,0.0,0.0,343.0,0.0,0.0,0.0,0.0,0.0,0.0,0.0,0.019999999999999997,0.0,0.0,0.0,0.0,0.0,0.0,0.0
2020-02-04,491,0,0,0,0,0,0,0,0.04,0.0,0.0,0.0,0.0,0.0,0.0,0.0,360.0,0.0,0.0,0.0,0.0,0.0,0.0,0.0,0.03,0.0,0.0,0.0,0.0,0.0,0.0,0.0
2020-02-05,563,0,0,0,0,0,0,0,0.04,0.0,0.0,0.0,0.0,0.0,0.0,0.0,430.0,0.0,0.0,0.0,0.0,0.0,0.0,0.0,0.03,0.0,0.0,0.0,0.0,0.0,0.0,0.0
2020-02-06,633,0,0,0,0,0,0,0,0.05,0.0,0.0,0.0,0.0,0.0,0.0,0.0,462.0,0.0,0.0,0.0,0.0,0.0,0.0,0.0,0.04,0.0,0.0,0.0,0.0,0.0,0.0,0.0
2020-02-07,718,0,0,0,0,0,0,0,0.05,0.0,0.0,0.0,0.0,0.0,0.0,0.0,505.0,0.0,0.0,0.0,0.0,0.0,0.0,0.0,0.030000000000000002,0.0,0.0,0.0,0.0,0.0,0.0,0.0
2020-02-08,805,0,0,0,0,0,0,0,0.06,0.0,0.0,0.0,0.0,0.0,0.0,0.0,546.0,0.0,0.0,0.0,0.0,0.0,0.0,0.0,0.039999999999999994,0.0,0.0,0.0,0.0,0.0,0.0,0.0
2020-02-09,905,0,0,0,0,0,0,0,0.06,0.0,0.0,0.0,0.0,0.0,0.0,0.0,544.0,0.0,0.0,0.0,0.0,0.0,0.0,0.0,0.03,0.0,0.0,0.0,0.0,0.0,0.0,0.0
2020-02-10,1012,0,0,0,0,0,0,0,0.07,0.0,0.0,0.0,0.0,0.0,0.0,0.0,587.0,0.0,0.0,0.0,0.0,0.0,0.0,0.0,0.04000000000000001,0.0,0.0,0.0,0.0,0.0,0.0,0.0
2020-02-11,1112,0,0,0,0,0,0,0,0.08,0.0,0.0,0.0,0.0,0.0,0.0,0.0,621.0,0.0,0.0,0.0,0.0,0.0,0.0,0.0,0.04,0.0,0.0,0.0,0.0,0.0,0.0,0.0
2020-02-12,1117,0,0,0,0,0,0,0,0.08,0.0,0.0,0.0,0.0,0.0,0.0,0.0,554.0,0.0,0.0,0.0,0.0,0.0,0.0,0.0,0.04,0.0,0.0,0.0,0.0,0.0,0.0,0.0
2020-02-13,1369,0,0,0,0,0,0,0,0.1,0.0,0.0,0.0,0.0,0.0,0.0,0.0,736.0,0.0,0.0,0.0,0.0,0.0,0.0,0.0,0.05,0.0,0.0,0.0,0.0,0.0,0.0,0.0
2020-02-14,1521,0,0,0,0,0,0,0,0.11,0.0,0.0,0.0,0.0,0.0,0.0,0.0,803.0,0.0,0.0,0.0,0.0,0.0,0.0,0.0,0.06,0.0,0.0,0.0,0.0,0.0,0.0,0.0
2020-02-15,1663,1,0,0,0,0,0,0,0.12,0.0,0.0,0.0,0.0,0.0,0.0,0.0,858.0,1.0,0.0,0.0,0.0,0.0,0.0,0.0,0.06,0.0,0.0,0.0,0.0,0.0,0.0,0.0
2020-02-16,1766,1,0,0,0,0,0,0,0.13,0.0,0.0,0.0,0.0,0.0,0.0,0.0,861.0,1.0,0.0,0.0,0.0,0.0,0.0,0.0,0.07,0.0,0.0,0.0,0.0,0.0,0.0,0.0
2020-02-17,1864,1,0,0,0,0,0,0,0.13,0.0,0.0,0.0,0.0,0.0,0.0,0.0,852.0,1.0,0.0,0.0,0.0,0.0,0.0,0.0,0.06,0.0,0.0,0.0,0.0,0.0,0.0,0.0
2020-02-18,2003,1,0,0,0,0,0,0,0.14,0.0,0.0,0.0,0.0,0.0,0.0,0.0,891.0,1.0,0.0,0.0,0.0,0.0,0.0,0.0,0.06000000000000001,0.0,0.0,0.0,0.0,0.0,0.0,0.0
2020-02-19,2116,1,0,0,0,0,0,0,0.15,0.0,0.0,0.0,0.0,0.0,0.0,0.0,999.0,1.0,0.0,0.0,0.0,0.0,0.0,0.0,0.06999999999999999,0.0,0.0,0.0,0.0,0.0,0.0,0.0
2020-02-20,2238,1,0,0,0,0,0,0,0.16,0.0,0.0,0.0,0.0,0.0,0.0,0.0,869.0,1.0,0.0,0.0,0.0,0.0,0.0,0.0,0.06,0.0,0.0,0.0,0.0,0.0,0.0,0.0
2020-02-21,2238,1,0,1,0,0,0,0,0.16,0.0,0.0,0.0,0.0,0.0,0.0,0.0,717.0,1.0,0.0,1.0,0.0,0.0,0.0,0.0,0.05,0.0,0.0,0.0,0.0,0.0,0.0,0.0
2020-02-22,2443,1,0,2,0,0,0,0,0.18,0.0,0.0,0.0,0.0,0.0,0.0,0.0,780.0,0.0,0.0,2.0,0.0,0.0,0.0,0.0,0.06,0.0,0.0,0.0,0.0,0.0,0.0,0.0
2020-02-23,2445,1,0,3,0,0,0,0,0.18,0.0,0.0,0.0,0.0,0.0,0.0,0.0,679.0,0.0,0.0,3.0,0.0,0.0,0.0,0.0,0.04999999999999999,0.0,0.0,0.0,0.0,0.0,0.0,0.0
2020-02-24,2595,1,0,7,0,0,0,0,0.19,0.0,0.0,0.01,0.0,0.0,0.0,0.0,731.0,0.0,0.0,7.0,0.0,0.0,0.0,0.0,0.06,0.0,0.0,0.01,0.0,0.0,0.0,0.0
2020-02-25,2665,1,0,10,0,0,0,0,0.19,0.0,0.0,0.02,0.0,0.0,0.0,0.0,662.0,0.0,0.0,10.0,0.0,0.0,0.0,0.0,0.04999999999999999,0.0,0.0,0.02,0.0,0.0,0.0,0.0
2020-02-26,2717,2,0,12,0,0,0,0,0.2,0.0,0.0,0.02,0.0,0.0,0.0,0.0,601.0,1.0,0.0,12.0,0.0,0.0,0.0,0.0,0.05000000000000002,0.0,0.0,0.02,0.0,0.0,0.0,0.0
2020-02-27,2746,2,0,17,0,0,0,0,0.2,0.0,0.0,0.03,0.0,0.0,0.0,0.0,508.0,1.0,0.0,17.0,0.0,0.0,0.0,0.0,0.04000000000000001,0.0,0.0,0.03,0.0,0.0,0.0,0.0
2020-02-28,2790,2,0,21,0,0,0,0,0.2,0.0,0.0,0.03,0.0,0.0,0.0,0.0,552.0,1.0,0.0,20.0,0.0,0.0,0.0,0.0,0.04000000000000001,0.0,0.0,0.03,0.0,0.0,0.0,0.0
2020-02-29,2837,2,0,29,0,0,0,1,0.2,0.0,0.0,0.05,0.0,0.0,0.0,0.0,394.0,1.0,0.0,27.0,0.0,0.0,0.0,1.0,0.020000000000000018,0.0,0.0,0.05,0.0,0.0,0.0,0.0
2020-03-01,2872,2,0,34,0,0,0,1,0.21,0.0,0.0,0.06,0.0,0.0,0.0,0.0,427.0,1.0,0.0,31.0,0.0,0.0,0.0,1.0,0.03,0.0,0.0,0.06,0.0,0.0,0.0,0.0
2020-03-02,2914,3,0,52,0,0,0,6,0.21,0.0,0.0,0.09,0.0,0.0,0.0,0.0,319.0,2.0,0.0,45.0,0.0,0.0,0.0,6.0,0.01999999999999999,0.0,0.0,0.08,0.0,0.0,0.0,0.0
2020-03-03,2947,4,0,79,0,1,0,7,0.21,0.01,0.0,0.13,0.0,0.0,0.0,0.0,282.0,3.0,0.0,69.0,0.0,1.0,0.0,7.0,0.01999999999999999,0.01,0.0,0.11,0.0,0.0,0.0,0.0
2020-03-04,2983,4,0,107,0,2,0,11,0.21,0.01,0.0,0.18,0.0,0.0,0.0,0.0,266.0,2.0,0.0,95.0,0.0,2.0,0.0,11.0,0.009999999999999981,0.01,0.0,0.16,0.0,0.0,0.0,0.0
2020-03-05,3015,7,0,148,0,3,0,12,0.22,0.01,0.0,0.24,0.0,0.01,0.0,0.0,269.0,5.0,0.0,131.0,0.0,3.0,0.0,12.0,0.01999999999999999,0.01,0.0,0.21,0.0,0.01,0.0,0.0
2020-03-06,3044,9,0,197,0,5,1,14,0.22,0.01,0.0,0.33,0.0,0.01,0.0,0.0,254.0,7.0,0.0,176.0,0.0,5.0,1.0,14.0,0.01999999999999999,0.01,0.0,0.30000000000000004,0.0,0.01,0.0,0.0
2020-03-07,3072,16,0,233,0,10,2,17,0.22,0.02,0.0,0.39,0.0,0.02,0.0,0.01,235.0,14.0,0.0,204.0,0.0,10.0,2.0,16.0,0.01999999999999999,0.02,0.0,0.34,0.0,0.02,0.0,0.01
2020-03-08,3100,19,0,366,0,17,2,21,0.22,0.03,0.0,0.61,0.0,0.04,0.0,0.01,228.0,17.0,0.0,332.0,0.0,17.0,2.0,20.0,0.010000000000000009,0.03,0.0,0.55,0.0,0.04,0.0,0.01
2020-03-09,3123,25,2,463,0,28,3,22,0.22,0.04,0.0,0.77,0.0,0.06,0.0,0.01,209.0,22.0,2.0,411.0,0.0,28.0,3.0,16.0,0.010000000000000009,0.04,0.0,0.68,0.0,0.06,0.0,0.01
2020-03-10,3139,33,2,631,0,35,7,28,0.23,0.05,0.0,1.04,0.0,0.07,0.01,0.01,192.0,29.0,2.0,552.0,0.0,34.0,7.0,21.0,0.020000000000000018,0.04,0.0,0.91,0.0,0.07,0.01,0.01
2020-03-11,3161,48,3,827,0,54,7,33,0.23,0.07,0.0,1.37,0.0,0.12,0.01,0.01,178.0,44.0,3.0,720.0,0.0,52.0,7.0,22.0,0.020000000000000018,0.060000000000000005,0.0,1.1900000000000002,0.0,0.12,0.01,0.01
2020-03-12,3172,48,3,1016,0,55,9,43,0.23,0.07,0.0,1.68,0.0,0.12,0.01,0.01,157.0,41.0,3.0,868.0,0.0,52.0,9.0,31.0,0.010000000000000009,0.060000000000000005,0.0,1.44,0.0,0.11,0.01,0.01
2020-03-13,3180,79,7,1266,0,133,10,51,0.23,0.12,0.01,2.1,0.0,0.28,0.02,0.02,136.0,70.0,7.0,1069.0,0.0,128.0,9.0,37.0,0.010000000000000009,0.11,0.01,1.77,0.0,0.27,0.02,0.02
2020-03-14,3193,91,9,1441,0,195,29,58,0.23,0.14,0.01,2.38,0.0,0.42,0.04,0.02,121.0,75.0,9.0,1208.0,0.0,185.0,27.0,41.0,0.010000000000000009,0.12000000000000001,0.01,1.9899999999999998,0.0,0.39999999999999997,0.04,0.01
2020-03-15,3203,91,11,1809,0,289,43,70,0.23,0.14,0.01,2.99,0.0,0.62,0.06,0.02,103.0,72.0,11.0,1443.0,0.0,272.0,41.0,49.0,0.010000000000000009,0.11000000000000001,0.01,2.3800000000000003,0.0,0.58,0.06,0.01
2020-03-16,3217,148,17,2158,0,342,65,97,0.23,0.22,0.02,3.57,0.0,0.73,0.1,0.03,94.0,123.0,15.0,1695.0,0.0,314.0,62.0,75.0,0.010000000000000009,0.18,0.02,2.8,0.0,0.6699999999999999,0.1,0.019999999999999997
2020-03-17,3230,148,24,2503,1,533,82,133,0.23,0.22,0.03,4.14,0.01,1.14,0.12,0.04,91.0,115.0,22.0,1872.0,1.0,498.0,75.0,105.0,0.0,0.16999999999999998,0.03,3.0999999999999996,0.01,1.0699999999999998,0.11,0.03
2020-03-18,3241,148,28,2978,2,623,116,192,0.23,0.22,0.03,4.93,0.02,1.33,0.17,0.06,80.0,100.0,25.0,2151.0,2.0,569.0,109.0,159.0,0.0,0.15,0.03,3.5599999999999996,0.02,1.21,0.16,0.049999999999999996
2020-03-19,3249,243,44,3405,3,830,162,264,0.23,0.36,0.05,5.64,0.03,1.77,0.24,0.08,77.0,195.0,41.0,2389.0,3.0,775.0,153.0,221.0,0.0,0.29,0.05,3.96,0.03,1.65,0.22999999999999998,0.07
2020-03-20,3253,450,67,4032,6,1043,194,367,0.23,0.67,0.08,6.67,0.06,2.23,0.29,0.11,73.0,371.0,60.0,2766.0,6.0,910.0,184.0,316.0,0.0,0.55,0.07,4.57,0.06,1.95,0.26999999999999996,0.09
2020-03-21,3259,562,84,4825,12,1375,252,466,0.23,0.84,0.1,7.99,0.12,2.94,0.38,0.14,66.0,471.0,75.0,3384.0,12.0,1180.0,223.0,408.0,0.0,0.7,0.09000000000000001,5.61,0.12,2.52,0.34,0.12000000000000001
2020-03-22,3274,674,94,5476,14,1772,288,576,0.24,1.01,0.11,9.06,0.14,3.79,0.43,0.18,71.0,583.0,83.0,3667.0,14.0,1483.0,245.0,506.0,0.009999999999999981,0.87,0.1,6.07,0.14,3.17,0.37,0.16
2020-03-23,3274,860,123,6077,23,2311,364,763,0.24,1.28,0.15,10.06,0.22,4.94,0.55,0.23,57.0,712.0,106.0,3919.0,23.0,1969.0,299.0,666.0,0.009999999999999981,1.06,0.13,6.49,0.22,4.210000000000001,0.45000000000000007,0.2
2020-03-24,3281,1100,157,6820,33,2808,512,1004,0.24,1.64,0.19,11.29,0.32,6.0,0.77,0.31,51.0,952.0,133.0,4317.0,32.0,2275.0,430.0,871.0,0.009999999999999981,1.42,0.16,7.1499999999999995,0.31,4.86,0.65,0.27
2020-03-25,3285,1331,206,7503,43,3647,703,1330,0.24,1.99,0.25,12.42,0.42,7.79,1.06,0.41,44.0,1183.0,178.0,4525.0,41.0,3024.0,587.0,1138.0,0.009999999999999981,1.77,0.22,7.49,0.39999999999999997,6.46,0.89,0.35
2020-03-26,3291,1695,267,8215,60,4365,884,1742,0.24,2.53,0.32,13.6,0.58,9.33,1.33,0.53,42.0,1452.0,223.0,4810.0,57.0,3535.0,722.0,1478.0,0.009999999999999981,2.17,0.27,7.96,0.5499999999999999,7.5600000000000005,1.09,0.45
2020-03-27,3296,1994,342,9134,76,5138,1172,2263,0.24,2.98,0.41,15.12,0.74,10.98,1.76,0.69,43.0,1544.0,275.0,5102.0,70.0,4095.0,978.0,1896.0,0.009999999999999981,2.31,0.32999999999999996,8.45,0.6799999999999999,8.75,1.47,0.58
2020-03-28,3299,2311,433,10023,100,5982,1464,2898,0.24,3.45,0.52,16.59,0.97,12.78,2.2,0.89,40.0,1749.0,349.0,5198.0,88.0,4607.0,1212.0,2432.0,0.009999999999999981,2.6100000000000003,0.42000000000000004,8.6,0.85,9.84,1.8200000000000003,0.75
2020-03-29,3304,2603,533,10779,119,6803,1676,3490,0.24,3.89,0.64,17.84,1.16,14.54,2.52,1.07,30.0,1929.0,439.0,5303.0,105.0,5031.0,1388.0,2914.0,0.0,2.88,0.53,8.78,1.02,10.75,2.09,0.8900000000000001
2020-03-30,3308,3020,645,11591,140,7716,2050,4187,0.24,4.51,0.78,19.18,1.36,16.49,3.08,1.28,34.0,2160.0,522.0,5514.0,117.0,5405.0,1686.0,3424.0,0.0,3.2299999999999995,0.63,9.12,1.1400000000000001,11.549999999999997,2.5300000000000002,1.05
2020-03-31,3309,3517,775,12428,160,8464,2453,5278,0.24,5.25,0.93,20.57,1.56,18.09,3.69,1.62,28.0,2417.0,618.0,5608.0,127.0,5656.0,1941.0,4274.0,0.0,3.6100000000000003,0.74,9.280000000000001,1.24,12.09,2.92,1.31
2020-04-01,3316,4767,920,13155,187,9387,3125,6539,0.24,7.12,1.11,21.77,1.82,20.06,4.7,2.0,31.0,3436.0,714.0,5652.0,144.0,5740.0,2422.0,5209.0,0.0,5.13,0.8600000000000001,9.35,1.4000000000000001,12.27,3.64,1.59
2020-04-02,3322,5376,1107,13915,209,10348,3782,8035,0.24,8.03,1.34,23.03,2.03,22.11,5.69,2.46,31.0,3681.0,840.0,5700.0,149.0,5983.0,2898.0,6293.0,0.0,5.5,1.02,9.430000000000001,1.4499999999999997,12.78,4.36,1.93
2020-04-03,3326,6496,1275,14681,246,11198,4518,9442,0.24,9.7,1.54,24.3,2.39,23.93,6.8,2.89,30.0,4502.0,933.0,5547.0,170.0,6060.0,3346.0,7179.0,0.0,6.719999999999999,1.1300000000000001,9.180000000000001,1.6500000000000001,12.95,5.04,2.2
2020-04-04,3330,7548,1444,15362,266,11947,5274,10989,0.24,11.27,1.74,25.42,2.59,25.53,7.94,3.36,31.0,5237.0,1011.0,5339.0,166.0,5965.0,3810.0,8091.0,0.0,7.819999999999999,1.22,8.830000000000002,1.6199999999999999,12.750000000000002,5.74,2.4699999999999998
2020-04-05,3333,8066,1584,15887,295,12641,5873,12570,0.24,12.04,1.91,26.29,2.87,27.01,8.84,3.85,29.0,5463.0,1051.0,5108.0,176.0,5838.0,4197.0,9080.0,0.0,8.149999999999999,1.27,8.45,1.7100000000000002,12.470000000000002,6.32,2.7800000000000002
2020-04-06,3335,8899,1810,16523,311,13341,6440,14326,0.24,13.29,2.18,27.35,3.02,28.51,9.69,4.39,27.0,5879.0,1165.0,4932.0,171.0,5625.0,4390.0,10139.0,0.0,8.78,1.4000000000000001,8.170000000000002,1.66,12.020000000000003,6.609999999999999,3.1099999999999994
2020-04-07,3335,10315,2016,17127,345,14045,7545,16900,0.24,15.4,2.43,28.35,3.35,30.01,11.35,5.17,26.0,6798.0,1241.0,4699.0,185.0,5581.0,5092.0,11622.0,0.0,10.15,1.5,7.780000000000001,1.79,11.920000000000002,7.66,3.55
2020-04-08,3337,10856,2349,17669,380,14792,8575,19043,0.24,16.21,2.83,29.24,3.7,31.61,12.9,5.83,21.0,6089.0,1429.0,4514.0,193.0,5405.0,5450.0,12504.0,0.0,9.09,1.72,7.469999999999999,1.8800000000000001,11.55,8.2,3.83
2020-04-09,3339,12196,2607,18279,409,15447,9691,21249,0.24,18.21,3.14,30.25,3.98,33.01,14.58,6.5,17.0,6820.0,1500.0,4364.0,200.0,5099.0,5909.0,13214.0,0.0,10.180000000000001,1.8,7.219999999999999,1.9500000000000002,10.899999999999999,8.89,4.04
2020-04-10,3340,13181,2767,18849,435,16081,10813,23467,0.24,19.68,3.34,31.2,4.23,34.36,16.27,7.18,14.0,6685.0,1492.0,4168.0,189.0,4883.0,6295.0,14025.0,0.0,9.98,1.7999999999999998,6.899999999999999,1.8400000000000003,10.43,9.469999999999999,4.289999999999999
2020-04-11,3343,13816,2736,19468,470,16606,11656,25599,0.24,20.63,3.3,32.22,4.57,35.49,17.54,7.84,13.0,6268.0,1292.0,4106.0,204.0,4659.0,6382.0,14610.0,0.0,9.36,1.5599999999999998,6.799999999999997,1.9800000000000004,9.96,9.599999999999998,4.48
2020-04-12,3343,14377,3022,19899,504,17209,12313,27419,0.24,21.47,3.65,32.93,4.9,36.77,18.53,8.39,10.0,6311.0,1438.0,4012.0,209.0,4568.0,6440.0,14849.0,0.0,9.43,1.74,6.640000000000001,2.0300000000000002,9.760000000000002,9.690000000000001,4.540000000000001
2020-04-13,3345,14950,3194,20465,535,17756,13037,29381,0.24,22.32,3.85,33.87,5.2,37.94,19.62,8.99,10.0,6051.0,1384.0,3942.0,224.0,4415.0,6597.0,15055.0,0.0,9.030000000000001,1.67,6.519999999999996,2.18,9.429999999999996,9.930000000000001,4.6000000000000005
2020-04-14,3345,15693,3294,21067,567,18056,14113,31824,0.24,23.43,3.97,34.87,5.51,38.58,21.24,9.74,10.0,5378.0,1278.0,3940.0,222.0,4011.0,6568.0,14924.0,0.0,8.03,1.54,6.519999999999996,2.1599999999999997,8.569999999999997,9.889999999999999,4.57
2020-04-15,3346,17129,3804,21645,599,18708,14993,34422,0.24,25.57,4.59,35.82,5.82,39.98,22.56,10.54,9.0,6273.0,1455.0,3976.0,219.0,3916.0,6418.0,15379.0,0.0,9.36,1.7599999999999998,6.580000000000002,2.12,8.369999999999997,9.659999999999998,4.709999999999999
2020-04-16,3346,17882,4052,22170,629,19315,16029,36582,0.24,26.7,4.89,36.69,6.12,41.27,24.12,11.2,7.0,5686.0,1445.0,3891.0,220.0,3868.0,6338.0,15333.0,0.0,8.489999999999998,1.7499999999999996,6.439999999999998,2.14,8.260000000000005,9.540000000000001,4.699999999999999
2020-04-17,4636,18642,4352,22745,657,20002,16942,38673,0.33,27.83,5.25,37.64,6.39,42.74,25.49,11.84,1296.0,5461.0,1585.0,3896.0,222.0,3921.0,6129.0,15206.0,0.09000000000000002,8.149999999999999,1.9100000000000001,6.440000000000001,2.1599999999999993,8.380000000000003,9.219999999999999,4.66
2020-04-18,4636,19283,4459,23227,687,20043,18047,40646,0.33,28.79,5.38,38.44,6.68,42.83,27.15,12.44,1293.0,5467.0,1723.0,3759.0,217.0,3437.0,6391.0,15047.0,0.09000000000000002,8.16,2.08,6.219999999999999,2.1099999999999994,7.339999999999996,9.61,4.6
2020-04-19,4636,19668,4586,23660,714,20453,18479,42584,0.33,29.37,5.53,39.16,6.94,43.71,27.8,13.04,1293.0,5291.0,1564.0,3761.0,210.0,3244.0,6166.0,15165.0,0.09000000000000002,7.900000000000002,1.8800000000000003,6.229999999999997,2.04,6.939999999999998,9.27,4.649999999999999
2020-04-20,4636,20214,4862,24114,735,20852,19049,44780,0.33,30.18,5.86,39.91,7.15,44.56,28.66,13.71,1291.0,5264.0,1668.0,3649.0,200.0,3096.0,6012.0,15399.0,0.09000000000000002,7.859999999999999,2.0100000000000002,6.039999999999999,1.9500000000000002,6.6200000000000045,9.04,4.720000000000001
2020-04-21,4636,20736,5033,24648,762,21282,20273,47318,0.33,30.96,6.07,40.79,7.41,45.48,30.5,14.48,1291.0,5043.0,1739.0,3581.0,195.0,3226.0,6160.0,15494.0,0.09000000000000002,7.530000000000001,2.1,5.920000000000002,1.9000000000000004,6.899999999999999,9.260000000000002,4.74
2020-04-22,4636,21280,5279,25085,785,21717,21120,49746,0.33,31.77,6.37,41.52,7.63,46.41,31.78,15.23,1290.0,4151.0,1475.0,3440.0,186.0,3009.0,6127.0,15324.0,0.09000000000000002,6.199999999999999,1.7800000000000002,5.700000000000003,1.8099999999999996,6.43,9.220000000000002,4.690000000000001
2020-04-23,4636,21796,5575,25549,820,22157,21802,52202,0.33,32.54,6.72,42.28,7.97,47.35,32.8,15.98,1290.0,3914.0,1523.0,3379.0,191.0,2842.0,5773.0,15620.0,0.09000000000000002,5.84,1.83,5.590000000000003,1.8499999999999996,6.079999999999998,8.679999999999996,4.780000000000001
2020-04-24,4636,22185,5760,25969,854,22524,22812,54362,0.33,33.12,6.95,42.98,8.3,48.13,34.32,16.64,0.0,3543.0,1408.0,3224.0,197.0,2522.0,5870.0,15689.0,0.0,5.289999999999999,1.7000000000000002,5.339999999999996,1.910000000000001,5.390000000000001,8.830000000000002,4.800000000000001
2020-04-25,4636,22554,5877,26384,880,22902,23627,56068,0.33,33.67,7.09,43.67,8.56,48.94,35.55,17.16,0.0,3271.0,1418.0,3157.0,193.0,2859.0,5580.0,15422.0,0.0,4.880000000000003,1.71,5.230000000000004,1.8800000000000008,6.109999999999999,8.399999999999999,4.720000000000001
2020-04-26,4637,22796,5976,26644,903,23190,23991,57418,0.33,34.04,7.21,44.1,8.78,49.55,36.1,17.58,1.0,3128.0,1390.0,2984.0,189.0,2737.0,5512.0,14834.0,0.0,4.669999999999998,1.6799999999999997,4.940000000000005,1.839999999999999,5.839999999999996,8.3,4.539999999999999
2020-04-27,4637,23233,6126,26977,928,23521,24311,58882,0.33,34.69,7.39,44.65,9.02,50.26,36.58,18.02,1.0,3019.0,1264.0,2863.0,193.0,2669.0,5262.0,14102.0,0.0,4.509999999999998,1.5299999999999994,4.740000000000002,1.8699999999999992,5.699999999999996,7.919999999999998,4.309999999999999
2020-04-28,4637,23600,6314,27359,948,23822,25280,61106,0.33,35.24,7.62,45.28,9.22,50.91,38.04,18.7,1.0,2864.0,1281.0,2711.0,186.0,2540.0,5007.0,13788.0,0.0,4.280000000000001,1.5499999999999998,4.490000000000002,1.8100000000000005,5.43,7.539999999999999,4.219999999999999
2020-04-29,4637,24026,6467,27682,973,24275,26049,63625,0.33,35.87,7.8,45.81,9.46,51.87,39.19,19.48,1.0,2746.0,1188.0,2597.0,188.0,2558.0,4929.0,13879.0,0.0,4.099999999999998,1.4299999999999997,4.289999999999999,1.830000000000001,5.460000000000001,7.409999999999997,4.25
2020-04-30,4637,24315,6623,27967,989,24543,26683,66028,0.33,36.3,7.99,46.29,9.62,52.45,40.15,20.21,1.0,2519.0,1048.0,2418.0,169.0,2386.0,4881.0,13826.0,0.0,3.759999999999998,1.2700000000000005,4.009999999999998,1.6499999999999995,5.100000000000001,7.350000000000001,4.23
2020-05-01,4637,24532,6736,28236,1007,24543,27381,67916,0.33,36.63,8.12,46.73,9.79,52.45,41.2,20.79,1.0,2347.0,976.0,2267.0,153.0,2019.0,4569.0,13554.0,0.0,3.510000000000005,1.169999999999999,3.75,1.4899999999999984,4.32,6.880000000000003,4.149999999999999
2020-05-02,4637,24729,6812,28710,1023,25100,27965,69621,0.33,36.92,8.22,47.52,9.95,53.64,42.08,21.31,1.0,2175.0,935.0,2326.0,143.0,2198.0,4338.0,13553.0,0.0,3.25,1.1300000000000008,3.8500000000000014,1.3899999999999988,4.700000000000003,6.530000000000001,4.149999999999999
2020-05-03,4637,24862,6866,28884,1043,25264,28218,70739,0.33,37.12,8.28,47.8,10.14,53.99,42.46,21.65,0.0,2066.0,890.0,2240.0,140.0,2074.0,4227.0,13321.0,0.0,3.0799999999999983,1.0699999999999994,3.6999999999999957,1.3600000000000012,4.440000000000005,6.359999999999999,4.07
2020-05-04,4637,25168,6993,29079,1063,25428,28490,72063,0.33,37.58,8.43,48.13,10.34,54.34,42.87,22.06,0.0,1935.0,867.0,2102.0,135.0,1907.0,4179.0,13181.0,0.0,2.8900000000000006,1.04,3.480000000000004,1.3200000000000003,4.080000000000005,6.289999999999999,4.039999999999999
2020-05-05,4637,25498,6993,29315,1074,25613,29216,74350,0.33,38.07,8.43,48.52,10.44,54.73,43.96,22.76,0.0,1898.0,679.0,1956.0,126.0,1791.0,3936.0,13244.0,0.0,2.8299999999999983,0.8099999999999996,3.240000000000002,1.2199999999999989,3.8200000000000003,5.920000000000002,4.060000000000002
2020-05-06,4637,25772,7275,29684,1089,25857,29863,76699,0.33,38.48,8.78,49.13,10.59,55.25,44.93,23.48,0.0,1746.0,808.0,2002.0,116.0,1582.0,3814.0,13074.0,0.0,2.6099999999999994,0.9799999999999995,3.3200000000000003,1.129999999999999,3.3800000000000026,5.740000000000002,4.0
2020-05-07,4637,25950,7392,29958,1105,26070,30321,78618,0.33,38.74,8.92,49.58,10.75,55.71,45.62,24.07,0.0,1635.0,769.0,1991.0,116.0,1527.0,3638.0,12590.0,0.0,2.440000000000005,0.9299999999999997,3.289999999999999,1.1300000000000008,3.259999999999998,5.469999999999999,3.8599999999999994
2020-05-08,4637,26192,7510,30201,1114,26299,30900,80367,0.33,39.11,9.06,49.98,10.83,56.2,46.49,24.6,0.0,1660.0,774.0,1965.0,107.0,1756.0,3519.0,12451.0,0.0,2.479999999999997,0.9400000000000013,3.25,1.040000000000001,3.75,5.289999999999999,3.8100000000000023
2020-05-09,4637,26271,7549,30395,1126,26478,31175,81899,0.33,39.22,9.11,50.3,10.95,56.58,46.91,25.07,0.0,1542.0,737.0,1685.0,103.0,1378.0,3210.0,12278.0,0.0,2.299999999999997,0.8899999999999988,2.779999999999994,1.0,2.9399999999999977,4.829999999999998,3.7600000000000016
2020-05-10,4637,26341,7569,30560,1135,26621,31392,82810,0.33,39.33,9.13,50.58,11.04,56.89,47.23,25.35,0.0,1479.0,703.0,1676.0,92.0,1357.0,3174.0,12071.0,0.0,2.210000000000001,0.8500000000000014,2.780000000000001,0.8999999999999986,2.8999999999999986,4.769999999999996,3.700000000000003
2020-05-11,4637,26604,7661,30739,1144,26744,31579,83810,0.33,39.72,9.24,50.87,11.12,57.15,47.52,25.65,0.0,1436.0,668.0,1660.0,81.0,1316.0,3089.0,11747.0,0.0,2.1400000000000006,0.8100000000000005,2.739999999999995,0.7799999999999994,2.809999999999995,4.650000000000006,3.59
2020-05-12,4637,26951,7738,30911,1163,26920,32193,85428,0.33,40.24,9.33,51.16,11.31,57.53,48.44,26.15,0.0,1453.0,745.0,1596.0,89.0,1307.0,2977.0,11078.0,0.0,2.1700000000000017,0.9000000000000004,2.6399999999999935,0.870000000000001,2.8000000000000043,4.479999999999997,3.389999999999997
2020-05-13,4637,27034,7861,31106,1175,27104,32640,87170,0.33,40.36,9.48,51.48,11.43,57.92,49.11,26.68,0.0,1262.0,586.0,1422.0,86.0,1247.0,2777.0,10471.0,0.0,1.8800000000000026,0.7000000000000011,2.3499999999999943,0.8399999999999999,2.6700000000000017,4.18,3.1999999999999993
2020-05-14,4637,27383,7884,31368,1184,27321,32992,88951,0.33,40.88,9.51,51.92,11.51,58.38,49.64,27.23,0.0,1433.0,492.0,1410.0,79.0,1251.0,2671.0,10333.0,0.0,2.1400000000000006,0.5899999999999999,2.3400000000000034,0.7599999999999998,2.6700000000000017,4.020000000000003,3.16
2020-05-15,4637,27485,7897,31610,1190,27459,33342,90621,0.33,41.04,9.53,52.32,11.57,58.68,50.17,27.74,0.0,1293.0,387.0,1409.0,76.0,1160.0,2442.0,10254.0,0.0,1.9299999999999997,0.46999999999999886,2.3400000000000034,0.7400000000000002,2.479999999999997,3.6799999999999997,3.139999999999997
2020-05-16,4638,27581,7938,31763,1203,27563,33753,91893,0.33,41.18,9.57,52.57,11.7,58.9,50.79,28.13,1.0,1310.0,389.0,1368.0,77.0,1085.0,2578.0,9994.0,0.0,1.9600000000000009,0.46000000000000085,2.270000000000003,0.75,2.3200000000000003,3.8800000000000026,3.0599999999999987
2020-05-17,4638,28064,7962,31908,1218,27563,33820,92656,0.33,41.9,9.6,52.81,11.84,58.9,50.89,28.36,1.0,1723.0,393.0,1348.0,83.0,942.0,2428.0,9846.0,0.0,2.5700000000000003,0.46999999999999886,2.230000000000004,0.8000000000000007,2.009999999999998,3.6600000000000037,3.009999999999998
2020-05-18,4638,28193,8003,32007,1231,27709,33966,93832,0.33,42.09,9.65,52.97,11.97,59.21,51.11,28.72,1.0,1589.0,342.0,1268.0,87.0,965.0,2387.0,10022.0,0.0,2.3700000000000045,0.41000000000000014,2.1000000000000014,0.8500000000000014,2.0600000000000023,3.5899999999999963,3.0700000000000003
2020-05-19,4638,27976,8081,32169,1247,27778,34466,95333,0.33,41.77,9.75,53.24,12.13,59.36,51.86,29.18,1.0,1025.0,343.0,1258.0,84.0,858.0,2273.0,9905.0,0.0,1.5300000000000011,0.41999999999999993,2.0800000000000054,0.8200000000000003,1.8299999999999983,3.4200000000000017,3.030000000000001
2020-05-20,4638,28085,8144,32330,1263,27888,34794,96848,0.33,41.93,9.82,53.51,12.28,59.59,52.35,29.65,1.0,1051.0,283.0,1224.0,88.0,784.0,2154.0,9678.0,0.0,1.5700000000000003,0.33999999999999986,2.030000000000001,0.8499999999999996,1.6700000000000017,3.240000000000002,2.969999999999999
2020-05-21,4638,28167,8203,32486,1277,27940,35067,98055,0.33,42.05,9.89,53.77,12.42,59.71,52.76,30.01,1.0,784.0,319.0,1118.0,93.0,619.0,2075.0,9104.0,0.0,1.1699999999999946,0.3800000000000008,1.8500000000000014,0.9100000000000001,1.3299999999999983,3.1199999999999974,2.780000000000001
2020-05-22,4638,28315,8228,32616,1289,28628,35358,99300,0.33,42.28,9.92,53.98,12.53,61.18,53.2,30.4,1.0,830.0,331.0,1006.0,99.0,1169.0,2016.0,8679.0,0.0,1.240000000000002,0.39000000000000057,1.6599999999999966,0.9599999999999991,2.5,3.030000000000001,2.66
2020-05-23,4638,28401,8261,32735,1302,28678,35578,100447,0.33,42.4,9.96,54.18,12.66,61.28,53.53,30.75,0.0,820.0,323.0,972.0,99.0,1115.0,1825.0,8554.0,0.0,1.2199999999999989,0.39000000000000057,1.6099999999999994,0.9600000000000009,2.3800000000000026,2.740000000000002,2.620000000000001
2020-05-24,4638,28319,8283,32785,1316,28752,35957,101055,0.33,42.28,9.99,54.26,12.8,61.44,54.1,30.93,0.0,255.0,321.0,877.0,98.0,1189.0,2137.0,8399.0,0.0,0.38000000000000256,0.39000000000000057,1.4499999999999957,0.9600000000000009,2.539999999999999,3.210000000000001,2.5700000000000003
2020-05-25,4638,28408,8309,32877,1330,26834,36061,101614,0.33,42.41,10.02,54.41,12.93,57.34,54.26,31.1,0.0,215.0,306.0,870.0,99.0,-875.0,2095.0,7782.0,0.0,0.3199999999999932,0.3699999999999992,1.4399999999999977,0.9599999999999991,-1.8699999999999974,3.1499999999999986,2.3800000000000026
2020-05-26,4638,28545,8372,32955,1342,27117,36192,102277,0.33,42.62,10.1,54.54,13.05,57.95,54.46,31.31,0.0,569.0,291.0,786.0,95.0,-661.0,1726.0,6944.0,0.0,0.8499999999999943,0.34999999999999964,1.2999999999999972,0.9199999999999999,-1.4099999999999966,2.6000000000000014,2.129999999999999
2020-05-27,4638,28546,8428,33072,1356,27117,36614,103777,0.33,42.62,10.17,54.74,13.19,57.95,55.09,31.77,0.0,461.0,284.0,742.0,93.0,-771.0,1820.0,6929.0,0.0,0.6899999999999977,0.34999999999999964,1.230000000000004,0.9100000000000001,-1.6400000000000006,2.740000000000002,2.120000000000001
2020-05-28,4638,28612,8470,33142,1369,27119,36957,104944,0.33,42.72,10.22,54.85,13.31,57.95,55.61,32.12,0.0,445.0,267.0,656.0,92.0,-821.0,1890.0,6889.0,0.0,0.6700000000000017,0.33000000000000007,1.0799999999999983,0.8900000000000006,-1.759999999999998,2.8500000000000014,2.109999999999996
2020-05-29,4638,28663,8504,33229,1383,27121,37231,106111,0.33,42.8,10.26,55.0,13.45,57.96,56.02,32.48,0.0,348.0,276.0,613.0,94.0,-1507.0,1873.0,6811.0,0.0,0.519999999999996,0.33999999999999986,1.0200000000000031,0.9199999999999999,-3.219999999999999,2.8200000000000003,2.0799999999999983
2020-05-30,4638,28720,8530,33340,1396,27125,37385,107061,0.33,42.88,10.29,55.18,13.57,57.96,56.25,32.77,0.0,319.0,269.0,605.0,94.0,-1553.0,1807.0,6614.0,0.0,0.480000000000004,0.3299999999999983,1.0,0.9100000000000001,-3.3200000000000003,2.719999999999999,2.020000000000003
2020-05-31,4638,28751,8540,33415,1410,27127,37445,107755,0.33,42.93,10.3,55.3,13.71,57.97,56.34,32.98,0.0,432.0,257.0,630.0,94.0,-1625.0,1488.0,6700.0,0.0,0.6499999999999986,0.3100000000000005,1.0399999999999991,0.9100000000000001,-3.469999999999999,2.240000000000002,2.049999999999997
2020-06-01,4638,28780,8555,33475,1424,27127,37531,108536,0.33,42.97,10.32,55.4,13.85,57.97,56.47,33.22,0.0,372.0,246.0,598.0,94.0,293.0,1470.0,6922.0,0.0,0.5600000000000023,0.3000000000000007,0.990000000000002,0.9199999999999999,0.6299999999999955,2.210000000000001,2.1199999999999974
2020-06-02,4638,28886,8563,33530,1436,27127,37780,109576,0.33,43.13,10.33,55.49,13.96,57.97,56.85,33.54,0.0,341.0,191.0,575.0,94.0,10.0,1588.0,7299.0,0.0,0.5100000000000051,0.23000000000000043,0.9500000000000028,0.9100000000000001,0.01999999999999602,2.3900000000000006,2.2300000000000004
2020-06-03,4638,28967,8602,33601,1447,27128,38034,110570,0.33,43.25,10.38,55.61,14.07,57.97,57.23,33.85,0.0,421.0,174.0,529.0,91.0,11.0,1420.0,6793.0,0.0,0.6300000000000026,0.21000000000000085,0.8699999999999974,0.8800000000000008,0.01999999999999602,2.1399999999999935,2.080000000000002
2020-06-04,4638,29011,8635,33689,1455,27133,38164,111588,0.33,43.31,10.42,55.76,14.15,57.98,57.42,34.16,0.0,399.0,165.0,547.0,86.0,14.0,1207.0,6644.0,0.0,0.5900000000000034,0.1999999999999993,0.9099999999999966,0.8399999999999999,0.02999999999999403,1.8100000000000023,2.039999999999999
2020-06-05,4638,29056,8658,33774,1465,27134,38422,112476,0.33,43.38,10.44,55.9,14.25,57.98,57.81,34.43,0.0,393.0,154.0,545.0,82.0,13.0,1191.0,6365.0,0.0,0.5800000000000054,0.17999999999999972,0.8999999999999986,0.8000000000000007,0.01999999999999602,1.7899999999999991,1.9500000000000028
2020-06-06,4638,29087,8673,33846,1474,27135,38565,113179,0.33,43.43,10.46,56.02,14.33,57.99,58.03,34.64,0.0,367.0,143.0,506.0,78.0,10.0,1180.0,6118.0,0.0,0.5499999999999972,0.1700000000000017,0.8400000000000034,0.7599999999999998,0.030000000000001137,1.7800000000000011,1.8699999999999974
2020-06-07,4638,29100,8685,33899,1479,27136,38619,113629,0.33,43.45,10.48,56.1,14.38,57.99,58.11,34.78,0.0,349.0,145.0,484.0,69.0,9.0,1174.0,5874.0,0.0,0.5200000000000031,0.17999999999999972,0.8000000000000043,0.6699999999999999,0.020000000000003126,1.769999999999996,1.8000000000000043
2020-06-08,4638,29154,8695,33964,1485,27136,38666,114136,0.33,43.53,10.49,56.21,14.44,57.99,58.18,34.94,0.0,374.0,140.0,489.0,61.0,9.0,1135.0,5600.0,0.0,0.5600000000000023,0.16999999999999993,0.8100000000000023,0.5899999999999999,0.020000000000003126,1.7100000000000009,1.7199999999999989
2020-06-09,4638,29239,8736,34043,1492,27136,38861,115057,0.33,43.66,10.54,56.34,14.51,57.99,58.47,35.22,0.0,353.0,173.0,513.0,56.0,9.0,1081.0,5481.0,0.0,0.529999999999994,0.20999999999999908,0.8500000000000014,0.5499999999999989,0.020000000000003126,1.6199999999999974,1.6799999999999997
2020-06-10,4638,29260,8752,34114,1497,27136,39025,115950,0.33,43.69,10.56,56.46,14.56,57.99,58.72,35.49,0.0,293.0,150.0,513.0,50.0,8.0,991.0,5380.0,0.0,0.4399999999999977,0.17999999999999972,0.8500000000000014,0.4900000000000002,0.020000000000003126,1.490000000000002,1.6400000000000006
2020-06-11,4638,29287,8772,34167,1504,27136,39101,116803,0.33,43.73,10.58,56.55,14.62,57.99,58.83,35.75,0.0,276.0,137.0,478.0,49.0,3.0,937.0,5215.0,0.0,0.4199999999999946,0.16000000000000014,0.7899999999999991,0.46999999999999886,0.010000000000005116,1.4099999999999966,1.5900000000000034
2020-06-12,4638,29315,8783,34223,1505,27136,39232,117621,0.33,43.77,10.59,56.64,14.63,57.99,59.03,36.0,0.0,259.0,125.0,449.0,40.0,2.0,810.0,5145.0,0.0,0.39000000000000057,0.15000000000000036,0.740000000000002,0.3800000000000008,0.010000000000005116,1.2199999999999989,1.5700000000000003
2020-06-13,4638,29339,8793,34301,1512,27136,39339,118393,0.33,43.8,10.61,56.77,14.7,57.99,59.19,36.24,0.0,252.0,120.0,455.0,38.0,1.0,774.0,5214.0,0.0,0.36999999999999744,0.14999999999999858,0.75,0.3699999999999992,0.0,1.1599999999999966,1.6000000000000014
2020-06-14,4638,29347,8801,34345,1517,27136,39366,118708,0.33,43.82,10.62,56.84,14.75,57.99,59.23,36.34,0.0,247.0,116.0,446.0,38.0,0.0,747.0,5079.0,0.0,0.36999999999999744,0.1399999999999988,0.740000000000002,0.3699999999999992,0.0,1.1199999999999974,1.5600000000000023
2020-06-15,4638,29375,8807,34371,1520,27136,39395,119095,0.33,43.86,10.62,56.89,14.78,57.99,59.28,36.46,0.0,221.0,112.0,407.0,35.0,0.0,729.0,4959.0,0.0,0.3299999999999983,0.129999999999999,0.6799999999999997,0.33999999999999986,0.0,1.1000000000000014,1.5200000000000031
2020-06-16,4638,29487,8820,34405,1522,27136,39515,119916,0.33,44.03,10.64,56.94,14.8,57.99,59.46,36.71,0.0,248.0,84.0,362.0,30.0,0.0,654.0,4859.0,0.0,0.37000000000000455,0.10000000000000142,0.5999999999999943,0.2900000000000009,0.0,0.990000000000002,1.490000000000002
2020-06-17,4638,29512,8851,34448,1523,27136,39625,120657,0.33,44.06,10.68,57.01,14.81,57.99,59.62,36.93,0.0,252.0,99.0,334.0,26.0,0.0,600.0,4707.0,0.0,0.37000000000000455,0.11999999999999922,0.5499999999999972,0.25,0.0,0.8999999999999986,1.4399999999999977
2020-06-18,4638,29540,8875,34514,1524,27136,39692,121346,0.33,44.1,10.7,57.12,14.82,57.99,59.72,37.14,0.0,253.0,103.0,347.0,20.0,0.0,591.0,4543.0,0.0,0.37000000000000455,0.11999999999999922,0.5700000000000003,0.20000000000000107,0.0,0.8900000000000006,1.3900000000000006
2020-06-19,4638,29554,8887,34561,1527,28315,39776,122008,0.33,44.13,10.72,57.2,14.85,60.51,59.85,37.35,0.0,239.0,104.0,338.0,22.0,1179.0,544.0,4387.0,0.0,0.35999999999999943,0.13000000000000078,0.5600000000000023,0.21999999999999886,2.519999999999996,0.8200000000000003,1.3500000000000014
2020-06-20,4639,29570,8895,34610,1528,28322,39847,122613,0.33,44.15,10.73,57.28,14.86,60.52,59.96,37.53,1.0,231.0,102.0,309.0,16.0,1186.0,508.0,4220.0,0.0,0.3500000000000014,0.120000000000001,0.509999999999998,0.16000000000000014,2.530000000000001,0.7700000000000031,1.2899999999999991
2020-06-21,4639,29575,8895,34634,1530,28323,39878,122912,0.33,44.16,10.73,57.32,14.88,60.52,60.0,37.62,1.0,228.0,94.0,289.0,13.0,1187.0,512.0,4204.0,0.0,0.3399999999999963,0.11000000000000121,0.4799999999999969,0.13000000000000078,2.530000000000001,0.7700000000000031,1.279999999999994
2020-06-22,4639,29597,8899,34657,1534,28324,39892,123301,0.33,44.19,10.73,57.36,14.92,60.53,60.02,37.74,1.0,222.0,92.0,286.0,14.0,1188.0,497.0,4206.0,0.0,0.3299999999999983,0.11000000000000121,0.46999999999999886,0.14000000000000057,2.539999999999999,0.740000000000002,1.2800000000000011
2020-06-23,4640,29651,8914,34675,1540,28325,39986,124142,0.33,44.27,10.75,57.39,14.97,60.53,60.17,38.0,2.0,164.0,94.0,270.0,18.0,1189.0,471.0,4226.0,0.0,0.240000000000002,0.10999999999999943,0.45000000000000284,0.16999999999999993,2.539999999999999,0.7100000000000009,1.2899999999999991
2020-06-24,4640,29662,8928,34644,1543,28327,40073,124899,0.33,44.29,10.77,57.34,15.0,60.53,60.3,38.23,2.0,150.0,77.0,196.0,20.0,1191.0,448.0,4242.0,0.0,0.22999999999999687,0.08999999999999986,0.3300000000000054,0.1899999999999995,2.539999999999999,0.6799999999999997,1.2999999999999972
2020-06-25,4641,29679,8940,34678,1549,28330,40172,125441,0.33,44.31,10.78,57.39,15.06,60.54,60.45,38.4,3.0,139.0,65.0,164.0,25.0,1194.0,480.0,4095.0,0.0,0.21000000000000085,0.08000000000000007,0.2700000000000031,0.2400000000000002,2.549999999999997,0.730000000000004,1.259999999999998
2020-06-26,4641,29704,8965,34708,1555,28338,40249,126070,0.33,44.35,10.81,57.44,15.12,60.56,60.56,38.59,3.0,150.0,78.0,147.0,28.0,23.0,473.0,4062.0,0.0,0.21999999999999886,0.08999999999999986,0.23999999999999488,0.2699999999999996,0.05000000000000426,0.7100000000000009,1.240000000000002
2020-06-27,4641,29704,8968,34716,1561,28341,40289,126578,0.33,44.35,10.82,57.46,15.18,60.56,60.62,38.75,2.0,134.0,73.0,106.0,33.0,19.0,442.0,3965.0,0.0,0.20000000000000284,0.08999999999999986,0.17999999999999972,0.3200000000000003,0.03999999999999915,0.6599999999999966,1.2199999999999989
2020-06-28,4641,29704,8968,34738,1564,28343,40320,126870,0.33,44.35,10.82,57.49,15.21,60.57,60.67,38.84,2.0,129.0,73.0,104.0,34.0,20.0,442.0,3958.0,0.0,0.19000000000000483,0.08999999999999986,0.1700000000000017,0.33000000000000007,0.04999999999999716,0.6700000000000017,1.220000000000006
2020-06-29,4641,29736,8976,34744,1568,28346,40341,127261,0.33,44.4,10.83,57.5,15.25,60.57,60.7,38.95,2.0,139.0,77.0,87.0,34.0,22.0,449.0,3960.0,0.0,0.21000000000000085,0.09999999999999964,0.14000000000000057,0.33000000000000007,0.03999999999999915,0.6799999999999997,1.2100000000000009
2020-06-30,4641,29763,8990,34767,1576,28355,40394,127893,0.33,44.44,10.84,57.54,15.33,60.59,60.78,39.15,1.0,112.0,76.0,92.0,36.0,30.0,408.0,3751.0,0.0,0.1699999999999946,0.08999999999999986,0.14999999999999858,0.35999999999999943,0.060000000000002274,0.6099999999999994,1.1499999999999986
2020-07-01,4641,29781,8995,34788,1579,28364,40491,128590,0.33,44.46,10.85,57.58,15.35,60.61,60.93,39.36,1.0,119.0,67.0,144.0,36.0,37.0,418.0,3691.0,0.0,0.1700000000000017,0.08000000000000007,0.23999999999999488,0.34999999999999964,0.0799999999999983,0.6300000000000026,1.1300000000000026
2020-07-02,4641,29794,9006,34818,1587,28368,40532,129323,0.33,44.48,10.86,57.62,15.43,60.62,60.99,39.59,0.0,115.0,66.0,140.0,38.0,38.0,360.0,3882.0,0.0,0.1699999999999946,0.08000000000000007,0.22999999999999687,0.3699999999999992,0.0799999999999983,0.5399999999999991,1.1900000000000048
2020-07-03,4641,29812,9010,34833,1598,28385,40581,129985,0.33,44.51,10.87,57.65,15.54,60.66,61.06,39.79,0.0,108.0,45.0,125.0,43.0,47.0,332.0,3915.0,0.0,0.1599999999999966,0.05999999999999872,0.21000000000000085,0.41999999999999993,0.09999999999999432,0.5,1.1999999999999957
2020-07-04,4641,29812,9020,34854,1605,28385,40613,130278,0.33,44.51,10.88,57.68,15.61,60.66,61.11,39.88,0.0,108.0,52.0,138.0,44.0,44.0,324.0,3700.0,0.0,0.1599999999999966,0.0600000000000005,0.21999999999999886,0.4299999999999997,0.09999999999999432,0.490000000000002,1.1300000000000026
2020-07-05,4641,29812,9023,34861,1614,28385,40632,130582,0.33,44.51,10.88,57.7,15.69,60.66,61.14,39.97,0.0,108.0,55.0,123.0,50.0,42.0,312.0,3712.0,0.0,0.1599999999999966,0.0600000000000005,0.21000000000000085,0.47999999999999865,0.0899999999999963,0.46999999999999886,1.1299999999999955
2020-07-06,4641,29838,9022,34869,1620,28388,40643,130945,0.33,44.55,10.88,57.71,15.75,60.66,61.15,40.08,0.0,102.0,46.0,125.0,52.0,42.0,302.0,3684.0,0.0,0.14999999999999858,0.05000000000000071,0.21000000000000085,0.5,0.0899999999999963,0.44999999999999574,1.1299999999999955
2020-07-07,4641,29847,9032,34899,1629,28392,40697,132145,0.33,44.56,10.89,57.76,15.84,60.67,61.24,40.45,0.0,84.0,42.0,132.0,53.0,37.0,303.0,4252.0,0.0,0.12000000000000455,0.05000000000000071,0.21999999999999886,0.5099999999999998,0.0799999999999983,0.46000000000000085,1.3000000000000043
2020-07-08,4641,29877,9046,34914,1631,28396,40754,133002,0.33,44.61,10.91,57.78,15.86,60.68,61.32,40.71,0.0,96.0,51.0,126.0,52.0,32.0,263.0,4412.0,0.0,0.14999999999999858,0.0600000000000005,0.20000000000000284,0.5099999999999998,0.07000000000000028,0.39000000000000057,1.3500000000000014
2020-07-09,4641,29890,9057,34926,1644,28401,40785,134007,0.33,44.63,10.92,57.8,15.99,60.69,61.37,41.02,0.0,96.0,51.0,108.0,57.0,33.0,253.0,4684.0,0.0,0.15000000000000568,0.0600000000000005,0.17999999999999972,0.5600000000000005,0.07000000000000028,0.37999999999999545,1.4299999999999997
2020-07-10,4641,29914,9063,34938,1646,28403,40819,134820,0.33,44.66,10.93,57.82,16.01,60.69,61.42,41.27,0.0,102.0,53.0,105.0,48.0,18.0,238.0,4835.0,0.0,0.14999999999999858,0.0600000000000005,0.1700000000000017,0.4700000000000024,0.030000000000001137,0.35999999999999943,1.480000000000004
2020-07-11,4641,29914,9070,34945,1654,28403,40836,135531,0.33,44.66,10.94,57.84,16.08,60.69,61.44,41.49,0.0,102.0,50.0,91.0,49.0,18.0,223.0,5253.0,0.0,0.14999999999999858,0.05999999999999872,0.1600000000000037,0.46999999999999886,0.030000000000001137,0.3299999999999983,1.6099999999999994
2020-07-12,4641,29914,9071,34954,1660,28403,40845,135996,0.33,44.66,10.94,57.85,16.14,60.69,61.46,41.63,0.0,102.0,48.0,93.0,46.0,18.0,213.0,5414.0,0.0,0.14999999999999858,0.05999999999999872,0.14999999999999858,0.45000000000000107,0.030000000000001137,0.3200000000000003,1.6600000000000037
2020-07-13,4641,29934,9074,34967,1662,28406,40855,136423,0.33,44.69,10.94,57.87,16.16,60.7,61.47,41.76,0.0,96.0,52.0,98.0,42.0,18.0,212.0,5478.0,0.0,0.14000000000000057,0.05999999999999872,0.1599999999999966,0.41000000000000014,0.04000000000000625,0.3200000000000003,1.6799999999999997
2020-07-14,4642,29934,9078,34984,1668,28409,40899,137351,0.33,44.69,10.95,57.9,16.22,60.71,61.54,42.04,1.0,87.0,46.0,85.0,39.0,17.0,202.0,5206.0,0.0,0.12999999999999545,0.05999999999999872,0.14000000000000057,0.379999999999999,0.03999999999999915,0.29999999999999716,1.5899999999999963
2020-07-15,4644,30020,9080,34997,1676,28413,40925,138319,0.33,44.82,10.95,57.92,16.3,60.72,61.58,42.34,3.0,143.0,34.0,83.0,45.0,17.0,171.0,5317.0,0.0,0.21000000000000085,0.03999999999999915,0.14000000000000057,0.4400000000000013,0.03999999999999915,0.259999999999998,1.6300000000000026
2020-07-16,4644,30036,9087,35017,1679,28416,40949,139281,0.33,44.85,10.96,57.95,16.33,60.72,61.61,42.63,3.0,146.0,30.0,91.0,35.0,15.0,164.0,5274.0,0.0,0.21999999999999886,0.040000000000000924,0.15000000000000568,0.3399999999999981,0.030000000000001137,0.240000000000002,1.6099999999999994
2020-07-17,4645,30049,9088,35028,1682,28420,40975,140200,0.33,44.86,10.96,57.97,16.36,60.73,61.65,42.92,4.0,135.0,25.0,90.0,36.0,17.0,156.0,5380.0,0.0,0.20000000000000284,0.030000000000001137,0.14999999999999858,0.34999999999999787,0.03999999999999915,0.22999999999999687,1.6499999999999986
2020-07-18,4646,30049,9091,35042,1684,28420,40984,141070,0.33,44.86,10.97,58.0,16.38,60.73,61.67,43.18,5.0,135.0,21.0,97.0,30.0,17.0,148.0,5539.0,0.0,0.20000000000000284,0.030000000000001137,0.1599999999999966,0.3000000000000007,0.03999999999999915,0.23000000000000398,1.6899999999999977
2020-07-19,4646,30049,9092,35045,1689,28420,40995,141540,0.33,44.86,10.97,58.0,16.42,60.73,61.68,43.33,5.0,135.0,21.0,91.0,29.0,17.0,150.0,5544.0,0.0,0.20000000000000284,0.030000000000001137,0.14999999999999858,0.28000000000000114,0.03999999999999915,0.21999999999999886,1.6999999999999957
2020-07-20,4646,30071,9094,35058,1691,28422,41005,142084,0.33,44.9,10.97,58.02,16.44,60.74,61.7,43.49,5.0,137.0,20.0,91.0,29.0,16.0,150.0,5661.0,0.0,0.21000000000000085,0.030000000000001137,0.15000000000000568,0.28000000000000114,0.03999999999999915,0.23000000000000398,1.730000000000004
2020-07-21,4648,30057,9099,35073,1697,28424,41030,143207,0.33,44.88,10.98,58.05,16.5,60.74,61.74,43.84,6.0,123.0,21.0,89.0,29.0,15.0,131.0,5856.0,0.0,0.19000000000000483,0.030000000000001137,0.14999999999999858,0.28000000000000114,0.030000000000001137,0.20000000000000284,1.8000000000000043
2020-07-22,4648,30063,9102,35082,1702,28426,41047,144425,0.33,44.89,10.98,58.06,16.55,60.74,61.76,44.21,4.0,43.0,22.0,85.0,26.0,13.0,122.0,6106.0,0.0,0.07000000000000028,0.030000000000001137,0.14000000000000057,0.25,0.020000000000003126,0.17999999999999972,1.8699999999999974
2020-07-23,4649,30073,9110,35092,1705,28429,41056,145522,0.33,44.9,10.99,58.08,16.58,60.75,61.78,44.54,5.0,37.0,23.0,75.0,26.0,13.0,107.0,6241.0,0.0,0.04999999999999716,0.02999999999999936,0.12999999999999545,0.25,0.030000000000001137,0.1700000000000017,1.9099999999999966
2020-07-24,4650,30082,9120,35097,1712,28432,41088,146675,0.33,44.91,11.0,58.09,16.65,60.76,61.82,44.9,5.0,33.0,32.0,69.0,30.0,12.0,113.0,6475.0,0.0,0.04999999999999716,0.03999999999999915,0.12000000000000455,0.28999999999999915,0.030000000000001137,0.1700000000000017,1.9799999999999969
2020-07-25,4652,30082,9124,35102,1716,28432,41103,147555,0.33,44.91,11.01,58.09,16.69,60.76,61.85,45.17,6.0,33.0,33.0,60.0,32.0,12.0,119.0,6485.0,0.0,0.04999999999999716,0.03999999999999915,0.09000000000000341,0.3100000000000023,0.030000000000001137,0.17999999999999972,1.990000000000002
2020-07-26,4652,30082,9124,35107,1717,28432,41111,148076,0.33,44.91,11.01,58.1,16.7,60.76,61.86,45.33,6.0,33.0,32.0,62.0,28.0,12.0,116.0,6536.0,0.0,0.04999999999999716,0.03999999999999915,0.10000000000000142,0.2799999999999976,0.030000000000001137,0.17999999999999972,2.0
2020-07-27,4656,30098,9125,35112,1719,28434,41114,149208,0.33,44.94,11.01,58.11,16.72,60.76,61.86,45.67,10.0,27.0,31.0,54.0,28.0,12.0,109.0,7124.0,0.0,0.03999999999999915,0.03999999999999915,0.0899999999999963,0.2799999999999976,0.01999999999999602,0.1599999999999966,2.1799999999999997
2020-07-28,4657,30110,9131,35123,1722,28436,41135,150569,0.33,44.96,11.01,58.13,16.74,60.77,61.89,46.09,9.0,53.0,32.0,50.0,25.0,12.0,105.0,7362.0,0.0,0.0799999999999983,0.02999999999999936,0.0800000000000054,0.23999999999999844,0.030000000000001137,0.14999999999999858,2.25
2020-07-29,4658,30123,9135,35129,1725,28441,41169,151991,0.33,44.98,11.02,58.14,16.77,60.78,61.95,46.52,10.0,60.0,33.0,47.0,23.0,15.0,122.0,7566.0,0.0,0.0899999999999963,0.03999999999999915,0.0799999999999983,0.21999999999999886,0.03999999999999915,0.19000000000000483,2.3100000000000023
2020-07-30,4659,30139,9144,35132,1727,28443,41169,153215,0.33,45.0,11.03,58.14,16.79,60.78,61.95,46.9,10.0,66.0,34.0,40.0,22.0,14.0,113.0,7693.0,0.0,0.10000000000000142,0.03999999999999915,0.060000000000002274,0.21000000000000085,0.030000000000001137,0.1700000000000017,2.3599999999999994
2020-07-31,4661,30150,9147,35141,1735,28445,41189,154478,0.33,45.02,11.03,58.16,16.87,60.78,61.98,47.29,11.0,68.0,27.0,44.0,23.0,13.0,101.0,7803.0,0.0,0.11000000000000654,0.02999999999999936,0.06999999999999318,0.22000000000000242,0.020000000000003126,0.1599999999999966,2.3900000000000006
2020-08-01,4667,30150,9154,35146,1737,28445,41202,155574,0.34,45.02,11.04,58.17,16.89,60.78,61.99,47.62,15.0,68.0,30.0,44.0,21.0,13.0,99.0,8019.0,0.010000000000000009,0.11000000000000654,0.02999999999999936,0.0799999999999983,0.1999999999999993,0.020000000000003126,0.14000000000000057,2.4499999999999957
2020-08-02,4669,30150,9154,35154,1738,28445,41207,155988,0.34,45.02,11.04,58.18,16.9,60.78,62.0,47.75,17.0,68.0,30.0,47.0,21.0,13.0,96.0,7912.0,0.010000000000000009,0.11000000000000654,0.02999999999999936,0.0799999999999983,0.1999999999999993,0.020000000000003126,0.14000000000000057,2.4200000000000017
2020-08-03,4672,30179,9154,35166,1738,28472,41208,156553,0.34,45.06,11.04,58.2,16.9,60.84,62.0,47.92,16.0,81.0,29.0,54.0,19.0,38.0,94.0,7345.0,0.010000000000000009,0.12000000000000455,0.02999999999999936,0.09000000000000341,0.17999999999999972,0.0800000000000054,0.14000000000000057,2.25
2020-08-04,4676,30180,9163,35171,1739,28498,41226,157910,0.34,45.06,11.05,58.21,16.91,60.9,62.03,48.34,19.0,70.0,32.0,48.0,17.0,62.0,91.0,7341.0,0.010000000000000009,0.10000000000000142,0.040000000000000924,0.0799999999999983,0.1700000000000017,0.12999999999999545,0.14000000000000057,2.25
2020-08-05,4677,30188,9179,35181,1740,28499,41240,159307,0.34,45.07,11.07,58.23,16.92,60.9,62.05,48.76,19.0,65.0,44.0,52.0,15.0,58.0,71.0,7316.0,0.010000000000000009,0.09000000000000341,0.05000000000000071,0.0899999999999963,0.15000000000000213,0.11999999999999744,0.09999999999999432,2.239999999999995
2020-08-06,4680,30192,9181,35187,1743,28500,41258,160533,0.34,45.08,11.07,58.24,16.95,60.9,62.08,49.14,21.0,53.0,37.0,55.0,16.0,57.0,89.0,7318.0,0.010000000000000009,0.0799999999999983,0.040000000000000924,0.10000000000000142,0.16000000000000014,0.11999999999999744,0.12999999999999545,2.240000000000002
2020-08-07,4681,30204,9195,35190,1746,28503,41270,161766,0.34,45.1,11.09,58.24,16.98,60.91,62.1,49.52,20.0,54.0,48.0,49.0,11.0,58.0,81.0,7288.0,0.010000000000000009,0.0799999999999983,0.0600000000000005,0.0800000000000054,0.10999999999999943,0.12999999999999545,0.12000000000000455,2.230000000000004
2020-08-08,4681,30204,9201,35203,1750,28503,41273,162845,0.34,45.1,11.1,58.26,17.02,60.91,62.1,49.85,14.0,54.0,47.0,57.0,13.0,58.0,71.0,7271.0,0.0,0.0799999999999983,0.0600000000000005,0.0899999999999963,0.129999999999999,0.12999999999999545,0.10999999999999943,2.230000000000004
2020-08-09,4686,30204,9202,35205,1756,28503,41278,163381,0.34,45.1,11.1,58.27,17.08,60.91,62.11,50.01,17.0,54.0,48.0,51.0,18.0,58.0,71.0,7393.0,0.0,0.0799999999999983,0.0600000000000005,0.09000000000000341,0.17999999999999972,0.12999999999999545,0.10999999999999943,2.259999999999998
2020-08-10,4689,30218,9203,35209,1759,28576,41296,163934,0.34,45.12,11.1,58.27,17.1,61.06,62.14,50.18,17.0,39.0,49.0,43.0,21.0,104.0,88.0,7381.0,0.0,0.05999999999999517,0.0600000000000005,0.07000000000000028,0.20000000000000284,0.21999999999999886,0.14000000000000057,2.259999999999998
2020-08-11,4693,30231,9208,35215,1761,28581,41309,164972,0.34,45.14,11.11,58.28,17.12,61.08,62.16,50.5,17.0,51.0,45.0,44.0,22.0,83.0,83.0,7062.0,0.0,0.0799999999999983,0.05999999999999872,0.07000000000000028,0.21000000000000085,0.17999999999999972,0.12999999999999545,2.1599999999999966
2020-08-12,4697,30248,9213,35225,1764,28579,41329,166484,0.34,45.16,11.11,58.3,17.15,61.07,62.19,50.96,20.0,60.0,34.0,44.0,24.0,80.0,89.0,7177.0,0.0,0.0899999999999963,0.03999999999999915,0.07000000000000028,0.22999999999999687,0.1700000000000017,0.14000000000000057,2.200000000000003
2020-08-13,4700,30264,9217,35231,1770,28605,41347,167543,0.34,45.19,11.12,58.31,17.21,61.13,62.21,51.29,20.0,72.0,36.0,44.0,27.0,105.0,89.0,7010.0,0.0,0.10999999999999943,0.049999999999998934,0.07000000000000028,0.26000000000000156,0.23000000000000398,0.13000000000000256,2.1499999999999986
2020-08-14,4701,30281,9230,35234,1772,28617,41358,168875,0.34,45.21,11.13,58.31,17.23,61.15,62.23,51.69,20.0,77.0,35.0,44.0,26.0,114.0,88.0,7109.0,0.0,0.10999999999999943,0.040000000000000924,0.07000000000000028,0.25,0.240000000000002,0.12999999999999545,2.1699999999999946
2020-08-15,4703,30282,9235,35392,1775,28617,41361,169905,0.34,45.21,11.14,58.57,17.26,61.15,62.23,52.01,22.0,78.0,34.0,189.0,25.0,114.0,88.0,7060.0,0.0,0.10999999999999943,0.040000000000000924,0.3100000000000023,0.240000000000002,0.240000000000002,0.12999999999999545,2.1599999999999966
2020-08-16,4703,30283,9235,35396,1778,28617,41366,170482,0.34,45.21,11.14,58.58,17.29,61.15,62.24,52.19,17.0,79.0,33.0,191.0,22.0,114.0,88.0,7101.0,0.0,0.10999999999999943,0.040000000000000924,0.30999999999999517,0.21000000000000085,0.240000000000002,0.13000000000000256,2.1799999999999997
2020-08-17,4703,30302,9236,35400,1779,28646,41369,170940,0.34,45.24,11.14,58.59,17.3,61.21,62.25,52.33,14.0,84.0,33.0,191.0,20.0,70.0,73.0,7006.0,0.0,0.12000000000000455,0.040000000000000924,0.3200000000000003,0.1999999999999993,0.14999999999999858,0.10999999999999943,2.1499999999999986
2020-08-18,4705,30323,9241,35405,1784,28670,41381,172242,0.34,45.27,11.15,58.6,17.35,61.27,62.26,52.72,12.0,92.0,33.0,190.0,23.0,89.0,72.0,7270.0,0.0,0.13000000000000256,0.040000000000000924,0.3200000000000003,0.23000000000000043,0.19000000000000483,0.10000000000000142,2.219999999999999
2020-08-19,4706,30340,9249,35412,1786,28797,41397,173561,0.34,45.3,11.16,58.61,17.37,61.54,62.29,53.13,9.0,92.0,36.0,187.0,22.0,218.0,68.0,7077.0,0.0,0.14000000000000057,0.05000000000000071,0.3100000000000023,0.22000000000000242,0.46999999999999886,0.10000000000000142,2.1700000000000017
2020-08-20,4709,30351,9263,35418,1788,28813,41403,174644,0.34,45.32,11.17,58.62,17.39,61.57,62.3,53.46,9.0,87.0,46.0,187.0,18.0,208.0,56.0,7101.0,0.0,0.13000000000000256,0.05000000000000071,0.30999999999999517,0.17999999999999972,0.4399999999999977,0.0899999999999963,2.1700000000000017
2020-08-21,4709,30374,9266,35427,1792,28838,41405,175736,0.34,45.35,11.18,58.63,17.43,61.62,62.3,53.79,8.0,93.0,36.0,193.0,20.0,221.0,47.0,6861.0,0.0,0.14000000000000057,0.049999999999998934,0.3200000000000003,0.1999999999999993,0.46999999999999886,0.07000000000000028,2.1000000000000014
2020-08-22,4711,30382,9272,35430,1794,28838,41423,176706,0.34,45.36,11.18,58.64,17.44,61.62,62.33,54.09,8.0,100.0,37.0,38.0,19.0,221.0,62.0,6801.0,0.0,0.14999999999999858,0.03999999999999915,0.07000000000000028,0.17999999999999972,0.46999999999999886,0.10000000000000142,2.0800000000000054
2020-08-23,4711,30382,9275,35437,1796,28838,41429,177164,0.34,45.36,11.19,58.65,17.46,61.62,62.34,54.23,8.0,99.0,40.0,41.0,18.0,221.0,63.0,6682.0,0.0,0.14999999999999858,0.049999999999998934,0.07000000000000028,0.1700000000000017,0.46999999999999886,0.10000000000000142,2.039999999999999
2020-08-24,4711,30397,9276,35441,1801,28872,41433,177617,0.34,45.38,11.19,58.66,17.51,61.7,62.34,54.37,8.0,95.0,40.0,41.0,22.0,226.0,64.0,6677.0,0.0,0.14000000000000057,0.049999999999998934,0.06999999999999318,0.21000000000000085,0.490000000000002,0.09000000000000341,2.039999999999999
2020-08-25,4712,30416,9281,35445,1805,28924,41449,178832,0.34,45.41,11.19,58.66,17.55,61.81,62.37,54.74,7.0,93.0,40.0,40.0,21.0,254.0,68.0,6590.0,0.0,0.13999999999999346,0.03999999999999915,0.05999999999999517,0.1999999999999993,0.5399999999999991,0.10999999999999943,2.020000000000003
2020-08-26,4713,30416,9285,35458,1807,28971,41465,180059,0.34,45.41,11.2,58.68,17.57,61.91,62.39,55.12,7.0,76.0,36.0,46.0,21.0,174.0,68.0,6498.0,0.0,0.10999999999999943,0.03999999999999915,0.07000000000000028,0.1999999999999993,0.36999999999999744,0.10000000000000142,1.9899999999999949
2020-08-27,4715,30448,9290,35463,1809,28996,41477,181159,0.34,45.46,11.21,58.69,17.59,61.96,62.41,55.45,6.0,97.0,27.0,45.0,21.0,183.0,74.0,6515.0,0.0,0.14000000000000057,0.040000000000000924,0.07000000000000028,0.1999999999999993,0.39000000000000057,0.10999999999999943,1.990000000000002
2020-08-28,4718,30465,9290,35472,1815,29011,41486,182123,0.34,45.49,11.21,58.71,17.65,61.99,62.42,55.75,9.0,91.0,24.0,45.0,23.0,173.0,81.0,6387.0,0.0,0.14000000000000057,0.030000000000001137,0.0799999999999983,0.21999999999999886,0.37000000000000455,0.12000000000000455,1.9600000000000009
2020-08-29,4721,30471,9299,35473,1818,29011,41498,183021,0.34,45.49,11.22,58.71,17.68,61.99,62.44,56.02,10.0,89.0,27.0,43.0,24.0,173.0,75.0,6315.0,0.0,0.13000000000000256,0.040000000000000924,0.07000000000000028,0.23999999999999844,0.37000000000000455,0.10999999999999943,1.9299999999999997
2020-08-30,4722,30474,9300,35477,1819,29011,41499,183464,0.34,45.5,11.22,58.72,17.69,61.99,62.44,56.16,11.0,92.0,25.0,40.0,23.0,173.0,70.0,6300.0,0.0,0.14000000000000057,0.030000000000001137,0.07000000000000028,0.23000000000000043,0.37000000000000455,0.09999999999999432,1.9299999999999997
2020-08-31,4723,30501,9303,35483,1822,29094,41501,184003,0.34,45.54,11.22,58.73,17.72,62.17,62.44,56.32,12.0,104.0,27.0,42.0,21.0,222.0,68.0,6386.0,0.0,0.1599999999999966,0.030000000000001137,0.07000000000000028,0.2099999999999973,0.46999999999999886,0.09999999999999432,1.9500000000000028
2020-09-01,4724,30525,9307,35491,1824,29152,41504,185053,0.34,45.58,11.23,58.74,17.74,62.3,62.45,56.65,12.0,109.0,26.0,46.0,19.0,228.0,55.0,6221.0,0.0,0.1700000000000017,0.040000000000000924,0.0800000000000054,0.18999999999999773,0.4899999999999949,0.0800000000000054,1.9099999999999966
2020-09-02,4727,30547,9322,35497,1827,29194,41514,186098,0.34,45.61,11.24,58.75,17.77,62.38,62.46,56.97,14.0,131.0,37.0,39.0,20.0,223.0,49.0,6039.0,0.0,0.20000000000000284,0.040000000000000924,0.07000000000000028,0.1999999999999993,0.47000000000000597,0.07000000000000028,1.8500000000000014
2020-09-03,4728,30564,9322,35507,1829,29234,41527,187156,0.34,45.63,11.24,58.77,17.79,62.47,62.48,57.29,13.0,116.0,32.0,44.0,20.0,238.0,50.0,5997.0,0.0,0.1700000000000017,0.02999999999999936,0.0800000000000054,0.1999999999999993,0.509999999999998,0.07000000000000028,1.8399999999999963
2020-09-04,4728,30542,9327,35518,1833,29418,41537,188116,0.34,45.6,11.25,58.78,17.82,62.86,62.5,57.58,10.0,77.0,37.0,46.0,18.0,407.0,51.0,5993.0,0.0,0.10999999999999943,0.03999999999999915,0.07000000000000028,0.1700000000000017,0.8699999999999974,0.0799999999999983,1.8299999999999983
2020-09-05,4728,30553,9329,35534,1838,29418,41549,188890,0.34,45.62,11.25,58.81,17.87,62.86,62.52,57.82,7.0,82.0,30.0,61.0,20.0,407.0,51.0,5869.0,0.0,0.12999999999999545,0.02999999999999936,0.10000000000000142,0.19000000000000128,0.8699999999999974,0.0800000000000054,1.7999999999999972
2020-09-06,4730,30555,9330,35541,1840,29418,41551,189303,0.34,45.62,11.25,58.82,17.89,62.86,62.52,57.95,8.0,81.0,30.0,64.0,21.0,407.0,52.0,5839.0,0.0,0.11999999999999744,0.02999999999999936,0.10000000000000142,0.1999999999999993,0.8699999999999974,0.0800000000000054,1.7900000000000063
2020-09-07,4732,30578,9331,35553,1843,29516,41554,189589,0.34,45.65,11.25,58.84,17.92,63.07,62.52,58.03,9.0,77.0,28.0,70.0,21.0,422.0,53.0,5586.0,0.0,0.10999999999999943,0.02999999999999936,0.11000000000000654,0.20000000000000284,0.8999999999999986,0.0800000000000054,1.7100000000000009
2020-09-08,4733,30616,9336,35563,1846,29594,41586,190043,0.34,45.71,11.26,58.86,17.95,63.24,62.57,58.17,9.0,91.0,29.0,72.0,22.0,442.0,82.0,4990.0,0.0,0.13000000000000256,0.02999999999999936,0.11999999999999744,0.21000000000000085,0.9400000000000048,0.11999999999999744,1.5200000000000031
2020-09-09,4733,30643,9342,35577,1849,29628,41594,191200,0.34,45.75,11.27,58.88,17.98,63.31,62.58,58.53,6.0,96.0,20.0,80.0,22.0,434.0,80.0,5102.0,0.0,0.14000000000000057,0.02999999999999936,0.13000000000000256,0.21000000000000085,0.9299999999999997,0.11999999999999744,1.5600000000000023
2020-09-10,4733,30661,9345,35587,1852,29699,41608,192116,0.34,45.78,11.27,58.9,18.01,63.46,62.61,58.81,5.0,97.0,23.0,80.0,23.0,465.0,81.0,4960.0,0.0,0.14999999999999858,0.02999999999999936,0.12999999999999545,0.22000000000000242,0.990000000000002,0.13000000000000256,1.5200000000000031
2020-09-11,4733,30740,9348,35597,1855,29747,41614,193312,0.34,45.9,11.28,58.91,18.04,63.57,62.61,59.17,5.0,198.0,21.0,79.0,22.0,329.0,77.0,5196.0,0.0,0.29999999999999716,0.02999999999999936,0.12999999999999545,0.21999999999999886,0.7100000000000009,0.10999999999999943,1.5900000000000034
2020-09-12,4734,30757,9352,35603,1860,29747,41623,194031,0.34,45.92,11.28,58.92,18.09,63.57,62.63,59.39,6.0,204.0,23.0,69.0,22.0,329.0,74.0,5141.0,0.0,0.30000000000000426,0.02999999999999936,0.10999999999999943,0.21999999999999886,0.7100000000000009,0.10999999999999943,1.5700000000000003
2020-09-13,4734,30761,9354,35610,1867,29747,41628,194427,0.34,45.93,11.28,58.94,18.15,63.57,62.64,59.51,4.0,206.0,24.0,69.0,27.0,329.0,77.0,5124.0,0.0,0.3100000000000023,0.02999999999999936,0.11999999999999744,0.259999999999998,0.7100000000000009,0.11999999999999744,1.5599999999999952
2020-09-14,4735,30795,9356,35624,1871,29848,41637,194841,0.34,45.98,11.29,58.96,18.19,63.78,62.65,59.64,3.0,217.0,25.0,71.0,28.0,332.0,83.0,5252.0,0.0,0.3299999999999983,0.03999999999999915,0.11999999999999744,0.2699999999999996,0.7100000000000009,0.12999999999999545,1.6099999999999994
2020-09-15,4736,30844,9367,35633,1875,30004,41664,196127,0.34,46.05,11.3,58.97,18.23,64.12,62.69,60.04,3.0,228.0,31.0,70.0,29.0,410.0,78.0,6084.0,0.0,0.3399999999999963,0.040000000000000924,0.10999999999999943,0.28000000000000114,0.8800000000000026,0.11999999999999744,1.8699999999999974
2020-09-16,4736,30889,9373,35645,1878,30243,41684,197110,0.34,46.12,11.31,58.99,18.26,64.63,62.72,60.34,3.0,246.0,31.0,68.0,29.0,615.0,90.0,5910.0,0.0,0.36999999999999744,0.040000000000000924,0.10999999999999943,0.28000000000000114,1.3199999999999932,0.14000000000000057,1.8100000000000023
2020-09-17,4736,30936,9376,35658,1888,30405,41705,197974,0.34,46.19,11.31,59.02,18.36,64.97,62.75,60.6,3.0,275.0,31.0,71.0,36.0,706.0,97.0,5858.0,0.0,0.4099999999999966,0.040000000000000924,0.12000000000000455,0.34999999999999787,1.509999999999998,0.14000000000000057,1.7899999999999991
2020-09-18,4737,31090,9386,35668,1894,30495,41732,198892,0.34,46.42,11.32,59.03,18.42,65.17,62.79,60.88,4.0,350.0,38.0,71.0,39.0,748.0,118.0,5580.0,0.0,0.5200000000000031,0.040000000000000924,0.12000000000000455,0.38000000000000256,1.6000000000000014,0.17999999999999972,1.7100000000000009
2020-09-19,4737,31115,9388,35692,1899,30495,41759,199605,0.34,46.46,11.32,59.07,18.47,65.17,62.83,61.1,3.0,358.0,36.0,89.0,39.0,748.0,136.0,5574.0,0.0,0.5399999999999991,0.040000000000000924,0.14999999999999858,0.379999999999999,1.6000000000000014,0.19999999999999574,1.7100000000000009
2020-09-20,4737,31126,9390,35707,1912,30495,41777,199855,0.34,46.47,11.33,59.1,18.59,65.17,62.86,61.18,3.0,365.0,36.0,97.0,45.0,748.0,149.0,5428.0,0.0,0.5399999999999991,0.05000000000000071,0.1600000000000037,0.4400000000000013,1.6000000000000014,0.21999999999999886,1.6700000000000017
2020-09-21,4737,31179,9390,35724,1920,30663,41788,200282,0.34,46.55,11.33,59.12,18.67,65.52,62.88,61.31,2.0,384.0,34.0,100.0,49.0,815.0,151.0,5441.0,0.0,0.5700000000000003,0.040000000000000924,0.1599999999999966,0.4800000000000004,1.7399999999999949,0.23000000000000398,1.6700000000000017
2020-09-22,4737,31256,9405,35738,1925,30904,41825,201298,0.34,46.67,11.34,59.15,18.72,66.04,62.93,61.62,1.0,412.0,38.0,105.0,50.0,900.0,161.0,5171.0,0.0,0.6200000000000045,0.03999999999999915,0.17999999999999972,0.48999999999999844,1.9200000000000017,0.240000000000002,1.5799999999999983
2020-09-23,4738,31283,9423,35758,1928,31034,41862,202379,0.34,46.71,11.37,59.18,18.75,66.32,62.99,61.95,2.0,394.0,50.0,113.0,50.0,791.0,178.0,5269.0,0.0,0.5900000000000034,0.05999999999999872,0.18999999999999773,0.48999999999999844,1.6899999999999977,0.2700000000000031,1.6099999999999994
2020-09-24,4738,31333,9436,35781,1931,31118,41902,203303,0.34,46.78,11.38,59.22,18.78,66.5,63.05,62.23,2.0,397.0,60.0,123.0,43.0,713.0,197.0,5329.0,0.0,0.5900000000000034,0.07000000000000028,0.19999999999999574,0.4200000000000017,1.5300000000000011,0.29999999999999716,1.6299999999999955
2020-09-25,4739,31483,9451,35801,1936,31232,41936,204231,0.34,47.01,11.4,59.25,18.83,66.74,63.1,62.52,2.0,393.0,65.0,133.0,42.0,737.0,204.0,5339.0,0.0,0.5899999999999963,0.08000000000000007,0.21999999999999886,0.4099999999999966,1.5699999999999932,0.3100000000000023,1.6400000000000006
2020-09-26,4739,31522,9459,35818,1944,31232,41971,204986,0.34,47.06,11.41,59.28,18.9,66.74,63.15,62.75,2.0,407.0,71.0,126.0,45.0,737.0,212.0,5381.0,0.0,0.6000000000000014,0.08999999999999986,0.21000000000000085,0.4299999999999997,1.5699999999999932,0.3200000000000003,1.6499999999999986
2020-09-27,4739,31549,9464,35835,1953,31232,41988,205277,0.34,47.1,11.42,59.31,18.99,66.74,63.18,62.84,2.0,423.0,74.0,128.0,41.0,737.0,211.0,5422.0,0.0,0.6300000000000026,0.08999999999999986,0.21000000000000085,0.3999999999999986,1.5699999999999932,0.3200000000000003,1.6600000000000037
2020-09-28,4739,31630,9468,35851,1957,31411,42001,205612,0.34,47.23,11.42,59.33,19.03,67.12,63.2,62.94,2.0,451.0,78.0,127.0,37.0,748.0,213.0,5330.0,0.0,0.6799999999999997,0.08999999999999986,0.21000000000000085,0.35999999999999943,1.6000000000000085,0.3200000000000003,1.6299999999999955
2020-09-29,4739,31701,9483,35875,1963,31411,42072,206490,0.34,47.33,11.44,59.37,19.09,67.12,63.3,63.21,2.0,445.0,78.0,137.0,38.0,507.0,247.0,5192.0,0.0,0.6599999999999966,0.09999999999999964,0.21999999999999886,0.370000000000001,1.0799999999999983,0.36999999999999744,1.5900000000000034
2020-09-30,4739,31761,9495,35894,1971,31791,42143,207436,0.34,47.42,11.45,59.41,19.17,67.93,63.41,63.5,1.0,478.0,72.0,136.0,43.0,757.0,281.0,5057.0,0.0,0.7100000000000009,0.08000000000000007,0.22999999999999687,0.4200000000000017,1.6100000000000136,0.4199999999999946,1.5499999999999972
2020-10-01,4739,31817,9509,35918,1977,31973,42202,208289,0.34,47.5,11.47,59.45,19.22,68.32,63.5,63.76,1.0,484.0,73.0,137.0,46.0,855.0,300.0,4986.0,0.0,0.7199999999999989,0.08999999999999986,0.23000000000000398,0.4399999999999977,1.8199999999999932,0.45000000000000284,1.5300000000000011
2020-10-02,4739,31952,9518,35941,1983,32086,42268,209216,0.34,47.71,11.48,59.48,19.28,68.56,63.6,64.04,0.0,469.0,67.0,140.0,47.0,854.0,332.0,4985.0,0.0,0.7000000000000028,0.08000000000000007,0.22999999999999687,0.45000000000000284,1.8200000000000074,0.5,1.5200000000000031
2020-10-03,4739,31977,9531,35968,1995,32086,42317,209890,0.34,47.74,11.5,59.53,19.4,68.56,63.67,64.25,0.0,455.0,72.0,150.0,51.0,854.0,346.0,4904.0,0.0,0.6799999999999997,0.08999999999999986,0.25,0.5,1.8200000000000074,0.5200000000000031,1.5
2020-10-04,4739,32009,9533,35986,2005,32086,42350,210247,0.34,47.79,11.5,59.56,19.5,68.56,63.72,64.36,0.0,460.0,69.0,151.0,52.0,854.0,362.0,4970.0,0.0,0.6899999999999977,0.08000000000000007,0.25,0.5100000000000016,1.8200000000000074,0.5399999999999991,1.519999999999996
2020-10-05,4739,32078,9554,36002,2018,32225,42369,210709,0.34,47.89,11.52,59.58,19.62,68.86,63.75,64.5,0.0,448.0,86.0,151.0,61.0,814.0,368.0,5097.0,0.0,0.6600000000000037,0.09999999999999964,0.25,0.5899999999999999,1.7399999999999949,0.5499999999999972,1.5600000000000023
2020-10-06,4739,32143,9566,36030,2032,32486,42445,211411,0.34,47.99,11.54,59.63,19.76,69.42,63.87,64.71,0.0,442.0,83.0,155.0,69.0,1075.0,373.0,4921.0,0.0,0.6600000000000037,0.09999999999999964,0.2600000000000051,0.6700000000000017,2.299999999999997,0.5700000000000003,1.499999999999993
2020-10-07,4739,32222,9582,36061,2040,32562,42515,212325,0.34,48.11,11.56,59.68,19.84,69.58,63.97,64.99,0.0,461.0,87.0,167.0,69.0,771.0,372.0,4889.0,0.0,0.6899999999999977,0.11000000000000121,0.2700000000000031,0.6699999999999982,1.6499999999999915,0.5600000000000023,1.4899999999999949
2020-10-08,4739,32295,9594,36083,2050,32688,42592,213293,0.34,48.22,11.57,59.72,19.93,69.85,64.09,65.29,0.0,478.0,85.0,165.0,73.0,715.0,390.0,5004.0,0.0,0.7199999999999989,0.09999999999999964,0.269999999999996,0.7100000000000009,1.5300000000000011,0.5900000000000034,1.5300000000000082
2020-10-09,4739,32404,9599,36111,2062,32929,42679,214247,0.34,48.38,11.58,59.76,20.05,70.37,64.22,65.58,0.0,452.0,81.0,170.0,79.0,843.0,411.0,5031.0,0.0,0.6700000000000017,0.09999999999999964,0.28000000000000114,0.7699999999999996,1.8100000000000023,0.6199999999999974,1.539999999999992
2020-10-10,4739,32439,9620,36140,2067,32929,42760,214882,0.34,48.43,11.6,59.81,20.1,70.37,64.34,65.78,0.0,462.0,89.0,172.0,72.0,843.0,443.0,4992.0,0.0,0.6899999999999977,0.09999999999999964,0.28000000000000114,0.7000000000000028,1.8100000000000023,0.6700000000000017,1.5300000000000011
2020-10-11,4739,32485,9626,36166,2080,32929,42825,215312,0.34,48.5,11.61,59.86,20.23,70.37,64.44,65.91,0.0,476.0,93.0,180.0,75.0,843.0,475.0,5065.0,0.0,0.7100000000000009,0.10999999999999943,0.29999999999999716,0.7300000000000004,1.8100000000000023,0.7199999999999989,1.5499999999999972
2020-10-12,4739,32580,9640,36205,2094,33124,42875,215664,0.34,48.64,11.63,59.92,20.36,70.78,64.51,66.02,0.0,502.0,86.0,203.0,76.0,899.0,506.0,4955.0,0.0,0.75,0.11000000000000121,0.3400000000000034,0.7399999999999984,1.9200000000000017,0.7600000000000051,1.519999999999996
2020-10-13,4739,32687,9682,36246,2110,33204,43018,216450,0.34,48.8,11.68,59.99,20.52,70.95,64.73,66.26,0.0,544.0,116.0,216.0,78.0,718.0,573.0,5039.0,0.0,0.8099999999999952,0.14000000000000057,0.35999999999999943,0.759999999999998,1.5300000000000011,0.8600000000000065,1.5500000000000114
2020-10-14,4739,32791,9716,36289,2117,33413,43155,217430,0.34,48.96,11.72,60.06,20.59,71.4,64.93,66.56,0.0,569.0,134.0,228.0,77.0,851.0,640.0,5105.0,0.0,0.8500000000000014,0.16000000000000014,0.38000000000000256,0.75,1.8200000000000074,0.960000000000008,1.5700000000000074
2020-10-15,4739,32876,9739,36372,2128,33553,43293,218259,0.34,49.09,11.75,60.2,20.69,71.7,65.14,66.81,0.0,581.0,145.0,289.0,78.0,865.0,701.0,4966.0,0.0,0.8700000000000045,0.17999999999999972,0.480000000000004,0.7600000000000016,1.8500000000000085,1.0499999999999972,1.519999999999996
2020-10-16,4739,33054,9773,36427,2149,33775,43429,219163,0.34,49.35,11.79,60.29,20.9,72.17,65.35,67.09,0.0,650.0,174.0,316.0,87.0,846.0,750.0,4916.0,0.0,0.9699999999999989,0.20999999999999908,0.5300000000000011,0.8499999999999979,1.7999999999999972,1.1299999999999955,1.5100000000000051
2020-10-17,4739,33127,9785,36474,2162,33775,43579,219916,0.34,49.46,11.8,60.37,21.02,72.17,65.57,67.32,0.0,688.0,165.0,334.0,95.0,846.0,819.0,5034.0,0.0,1.0300000000000011,0.20000000000000107,0.5599999999999952,0.9199999999999982,1.7999999999999972,1.2299999999999898,1.539999999999992
2020-10-18,4739,33212,9798,36543,2181,33775,43646,220365,0.34,49.59,11.82,60.48,21.21,72.17,65.67,67.45,0.0,727.0,172.0,377.0,101.0,846.0,821.0,5053.0,0.0,1.0900000000000034,0.21000000000000085,0.6199999999999974,0.9800000000000004,1.7999999999999972,1.230000000000004,1.5400000000000063
2020-10-19,4739,33358,9842,36616,2198,33992,43726,220828,0.34,49.81,11.87,60.6,21.37,72.64,65.79,67.6,0.0,778.0,202.0,411.0,104.0,868.0,851.0,5164.0,0.0,1.1700000000000017,0.23999999999999844,0.6799999999999997,1.0100000000000016,1.8599999999999994,1.2800000000000011,1.5799999999999983
2020-10-20,4739,33620,9882,36705,2213,34210,43967,221747,0.34,50.2,11.92,60.75,21.52,73.1,66.16,67.88,0.0,933.0,200.0,459.0,103.0,1006.0,949.0,5297.0,0.0,1.4000000000000057,0.2400000000000002,0.759999999999998,1.0,2.1499999999999915,1.4299999999999926,1.6199999999999903
2020-10-21,4739,33782,9911,36832,2229,34366,44158,222911,0.34,50.44,11.95,60.96,21.67,73.44,66.44,68.23,0.0,991.0,195.0,543.0,112.0,953.0,1003.0,5481.0,0.0,1.4799999999999969,0.22999999999999865,0.8999999999999986,1.0800000000000018,2.039999999999992,1.509999999999991,1.6700000000000017
2020-10-22,4739,33936,9960,36968,2245,34521,44347,223781,0.34,50.67,12.01,61.18,21.83,73.77,66.73,68.5,0.0,1060.0,221.0,596.0,117.0,968.0,1054.0,5522.0,0.0,1.5799999999999983,0.2599999999999998,0.9799999999999969,1.139999999999997,2.069999999999993,1.5900000000000034,1.6899999999999977
2020-10-23,4739,34234,9978,37059,2276,34752,44571,224733,0.34,51.11,12.04,61.33,22.13,74.26,67.06,68.79,0.0,1180.0,205.0,632.0,127.0,977.0,1142.0,5570.0,0.0,1.759999999999998,0.25,1.0399999999999991,1.2300000000000004,2.0900000000000034,1.710000000000008,1.7000000000000028
2020-10-24,4739,34370,10035,37210,2297,34752,44745,225673,0.34,51.32,12.1,61.58,22.34,74.26,67.33,69.08,0.0,1243.0,250.0,736.0,135.0,977.0,1166.0,5757.0,0.0,1.8599999999999994,0.29999999999999893,1.2100000000000009,1.3200000000000003,2.0900000000000034,1.7600000000000051,1.7600000000000051
2020-10-25,4739,34349,10062,37338,2316,34752,44896,226066,0.34,51.28,12.14,61.8,22.52,74.26,67.55,69.2,0.0,1137.0,264.0,795.0,135.0,977.0,1250.0,5701.0,0.0,1.6899999999999977,0.3200000000000003,1.3200000000000003,1.3099999999999987,2.0900000000000034,1.8799999999999955,1.75
2020-10-26,4739,34732,10091,37479,2343,35031,44998,226558,0.34,51.86,12.17,62.03,22.78,74.86,67.71,69.35,0.0,1374.0,249.0,863.0,145.0,1039.0,1272.0,5730.0,0.0,2.049999999999997,0.3000000000000007,1.4299999999999997,1.4100000000000001,2.219999999999999,1.9199999999999875,1.75
2020-10-27,4739,35253,10121,37700,2371,35298,45365,227521,0.34,52.63,12.21,62.39,23.06,75.43,68.26,69.64,0.0,1633.0,239.0,995.0,158.0,1088.0,1398.0,5774.0,0.0,2.4299999999999997,0.2900000000000009,1.6400000000000006,1.5399999999999991,2.3300000000000125,2.1000000000000085,1.7600000000000051
2020-10-28,4739,35496,10218,37905,2395,35466,45675,228531,0.34,53.0,12.32,62.73,23.29,75.79,68.73,69.95,0.0,1714.0,307.0,1073.0,166.0,1100.0,1517.0,5620.0,0.0,2.5600000000000023,0.370000000000001,1.769999999999996,1.6199999999999974,2.3500000000000085,2.2900000000000063,1.7199999999999989
2020-10-29,4739,35728,10305,38122,2428,35639,45955,229498,0.34,53.34,12.43,63.09,23.61,76.16,69.15,70.25,0.0,1792.0,345.0,1154.0,183.0,1118.0,1608.0,5717.0,0.0,2.6700000000000017,0.41999999999999993,1.9100000000000037,1.7800000000000011,2.3900000000000006,2.4200000000000017,1.75
2020-10-30,4739,36273,10391,38321,2468,35878,46229,230531,0.34,54.16,12.53,63.42,24.0,76.67,69.56,70.57,0.0,2039.0,413.0,1262.0,192.0,1126.0,1658.0,5798.0,0.0,3.049999999999997,0.4900000000000002,2.0900000000000034,1.870000000000001,2.4099999999999966,2.5,1.779999999999987
2020-10-31,4739,36495,10483,38618,2507,35878,46555,231420,0.34,54.49,12.64,63.91,24.38,76.67,70.05,70.84,0.0,2125.0,448.0,1408.0,210.0,1126.0,1810.0,5747.0,0.0,3.1700000000000017,0.5400000000000009,2.3299999999999983,2.039999999999999,2.4099999999999966,2.719999999999999,1.7600000000000051
2020-11-01,4739,36726,10513,38826,2544,35878,46717,231851,0.34,54.83,12.68,64.26,24.74,76.67,70.29,70.97,0.0,2377.0,451.0,1488.0,228.0,1126.0,1821.0,5785.0,0.0,3.549999999999997,0.5399999999999991,2.460000000000008,2.219999999999999,2.4099999999999966,2.740000000000009,1.769999999999996
2020-11-02,4739,37142,10669,39059,2590,36257,46853,232397,0.34,55.45,12.87,64.64,25.19,77.48,70.5,71.14,0.0,2410.0,578.0,1580.0,247.0,1226.0,1855.0,5839.0,0.0,3.5900000000000034,0.6999999999999993,2.6099999999999994,2.41,2.6200000000000045,2.7900000000000063,1.7900000000000063
2020-11-03,4739,38414,10717,39412,2635,36495,47250,233960,0.34,57.35,12.93,65.23,25.62,77.99,71.1,71.62,0.0,3161.0,596.0,1712.0,264.0,1197.0,1885.0,6439.0,0.0,4.719999999999999,0.7199999999999989,2.8400000000000034,2.5600000000000023,2.559999999999988,2.839999999999989,1.980000000000004
2020-11-04,4740,38376,10949,39764,2694,38118,47742,235054,0.34,57.3,13.21,65.81,26.2,81.45,71.84,71.95,1.0,2880.0,731.0,1859.0,299.0,2652.0,2067.0,6523.0,0.0,4.299999999999997,0.8900000000000006,3.0800000000000054,2.91,5.659999999999997,3.1099999999999994,2.0
2020-11-05,4741,38730,11110,40192,2740,38486,48120,236194,0.34,57.83,13.4,66.52,26.64,82.24,72.4,72.3,2.0,3002.0,805.0,2070.0,312.0,2847.0,2165.0,6696.0,0.0,4.489999999999995,0.9700000000000006,3.4299999999999926,3.030000000000001,6.079999999999998,3.25,2.049999999999997
2020-11-06,4741,39558,11240,40638,2792,38833,48475,237383,0.34,59.06,13.56,67.26,27.15,82.98,72.94,72.66,2.0,3285.0,849.0,2317.0,324.0,2955.0,2246.0,6852.0,0.0,4.900000000000006,1.0300000000000011,3.8400000000000034,3.1499999999999986,6.310000000000002,3.3799999999999955,2.0900000000000034
2020-11-07,4741,39861,11306,41063,2848,38833,48888,238393,0.34,59.51,13.64,67.96,27.69,82.98,73.56,72.97,2.0,3366.0,823.0,2445.0,341.0,2955.0,2333.0,6973.0,0.0,5.019999999999996,1.0,4.049999999999997,3.3100000000000023,6.310000000000002,3.510000000000005,2.1299999999999955
2020-11-08,4741,40131,11372,41394,2896,38833,49044,238888,0.34,59.92,13.72,68.51,28.16,82.98,73.79,73.12,2.0,3405.0,859.0,2568.0,352.0,2955.0,2327.0,7037.0,0.0,5.090000000000003,1.040000000000001,4.25,3.4200000000000017,6.310000000000002,3.5,2.1500000000000057
2020-11-09,4741,40679,11408,41750,2959,39345,49238,239592,0.34,60.74,13.76,69.1,28.77,84.08,74.09,73.34,2.0,3537.0,739.0,2691.0,369.0,3088.0,2385.0,7195.0,0.0,5.289999999999999,0.8900000000000006,4.459999999999994,3.5799999999999983,6.599999999999994,3.5900000000000034,2.200000000000003
2020-11-10,4742,41897,11781,42330,3021,39345,49770,240965,0.34,62.55,14.21,70.06,29.38,84.08,74.89,73.76,3.0,3483.0,1064.0,2918.0,386.0,2850.0,2520.0,7005.0,0.0,5.199999999999996,1.2800000000000011,4.829999999999998,3.759999999999998,6.090000000000003,3.7900000000000063,2.1400000000000006
2020-11-11,4742,42225,11994,42953,3103,40105,50365,242387,0.34,63.04,14.47,71.09,30.17,85.7,75.78,74.2,2.0,3849.0,1045.0,3189.0,409.0,1987.0,2623.0,7333.0,0.0,5.740000000000002,1.2599999999999998,5.280000000000001,3.9700000000000024,4.25,3.9399999999999977,2.25
2020-11-12,4742,42640,12216,43589,3181,40461,50928,243564,0.34,63.66,14.73,72.14,30.93,86.46,76.63,74.56,1.0,3910.0,1106.0,3397.0,441.0,1975.0,2808.0,7370.0,0.0,5.829999999999998,1.33,5.6200000000000045,4.289999999999999,4.219999999999999,4.22999999999999,2.260000000000005
2020-11-13,4742,43572,12404,44139,3250,40769,51304,244740,0.34,65.06,14.96,73.05,31.6,87.12,77.19,74.92,1.0,4014.0,1164.0,3501.0,458.0,1936.0,2829.0,7357.0,0.0,6.0,1.4000000000000004,5.789999999999992,4.450000000000003,4.140000000000001,4.25,2.260000000000005
2020-11-14,4742,43925,12511,44683,3305,40769,51766,246002,0.34,65.58,15.09,73.95,32.14,87.12,77.89,75.3,1.0,4064.0,1205.0,3620.0,457.0,1936.0,2878.0,7609.0,0.0,6.07,1.4499999999999993,5.990000000000009,4.449999999999999,4.140000000000001,4.329999999999998,2.3299999999999983
2020-11-15,4742,44227,12573,45229,3381,40769,51934,246652,0.34,66.03,15.17,74.86,32.88,87.12,78.14,75.5,1.0,4096.0,1201.0,3835.0,485.0,1936.0,2890.0,7764.0,0.0,6.109999999999999,1.4499999999999993,6.349999999999994,4.720000000000002,4.140000000000001,4.349999999999994,2.3799999999999955
2020-11-16,4742,44733,12833,45733,3472,41253,52147,247401,0.34,66.79,15.48,75.69,33.76,88.15,78.46,75.73,1.0,4054.0,1425.0,3983.0,513.0,1908.0,2909.0,7809.0,0.0,6.050000000000004,1.7200000000000006,6.590000000000003,4.989999999999998,4.070000000000007,4.36999999999999,2.3900000000000006
2020-11-17,4742,45950,13138,46464,3553,41688,52745,249082,0.34,68.61,15.85,76.9,34.55,89.08,79.36,76.24,0.0,4053.0,1357.0,4134.0,532.0,2343.0,2975.0,8117.0,0.0,6.060000000000002,1.6399999999999988,6.840000000000003,5.169999999999998,5.0,4.469999999999999,2.4799999999999898
2020-11-18,4742,46375,13390,47217,3632,42039,53274,250960,0.34,69.24,16.15,78.15,35.32,89.83,80.16,76.82,0.0,4150.0,1396.0,4264.0,529.0,1934.0,2909.0,8573.0,0.0,6.199999999999996,1.679999999999998,7.060000000000002,5.149999999999999,4.1299999999999955,4.3799999999999955,2.6199999999999903
2020-11-19,4742,46792,13662,47870,3701,42291,53775,252935,0.34,69.86,16.48,79.23,35.99,90.37,80.91,77.42,0.0,4152.0,1446.0,4281.0,520.0,1830.0,2847.0,9371.0,0.0,6.200000000000003,1.75,7.090000000000003,5.060000000000002,3.910000000000011,4.280000000000001,2.8599999999999994
2020-11-20,4742,47930,13918,48569,3762,42619,54286,254820,0.34,71.56,16.79,80.38,36.58,91.07,81.68,78.0,0.0,4358.0,1514.0,4430.0,512.0,1850.0,2982.0,10080.0,0.0,6.5,1.8299999999999983,7.329999999999998,4.979999999999997,3.9499999999999886,4.490000000000009,3.0799999999999983
2020-11-21,4742,48182,14061,49261,3824,42619,54626,256302,0.34,71.94,16.96,81.53,37.18,91.07,82.19,78.45,0.0,4257.0,1550.0,4578.0,519.0,1850.0,2860.0,10300.0,0.0,6.359999999999999,1.870000000000001,7.579999999999998,5.039999999999999,3.9499999999999886,4.299999999999997,3.1500000000000057
2020-11-22,4742,48396,14159,49823,3897,42619,55024,257185,0.34,72.26,17.08,82.46,37.89,91.07,82.79,78.73,0.0,4169.0,1586.0,4594.0,516.0,1850.0,3090.0,10533.0,0.0,6.230000000000004,1.9099999999999984,7.599999999999994,5.009999999999998,3.9499999999999886,4.650000000000006,3.230000000000004
2020-11-23,4742,48896,14460,50453,3971,43131,55230,258141,0.34,73.0,17.44,83.5,38.61,92.17,83.1,79.02,0.0,4163.0,1627.0,4720.0,499.0,1878.0,3083.0,10740.0,0.0,6.209999999999994,1.9600000000000009,7.810000000000002,4.850000000000001,4.019999999999996,4.640000000000001,3.289999999999992
2020-11-24,4742,49900,14832,51306,4056,43668,55838,260251,0.34,74.5,17.89,84.91,39.44,93.31,84.02,79.66,0.0,3950.0,1694.0,4842.0,503.0,1980.0,3093.0,11169.0,0.0,5.890000000000001,2.040000000000001,8.009999999999991,4.890000000000001,4.230000000000004,4.659999999999997,3.4200000000000017
2020-11-25,4742,50281,15210,52028,4127,44037,56533,262535,0.34,75.07,18.35,86.11,40.13,94.1,85.06,80.36,0.0,3906.0,1820.0,4811.0,495.0,1998.0,3259.0,11575.0,0.0,5.829999999999998,2.200000000000003,7.959999999999994,4.810000000000002,4.269999999999996,4.900000000000006,3.5400000000000063
2020-11-26,4742,50610,15640,52850,4209,44374,57031,263770,0.34,75.56,18.86,87.47,40.93,94.82,85.81,80.74,0.0,3818.0,1978.0,4980.0,508.0,2083.0,3256.0,10835.0,0.0,5.700000000000003,2.379999999999999,8.239999999999995,4.939999999999998,4.449999999999989,4.900000000000006,3.319999999999993
2020-11-27,4742,51567,16011,53677,4276,44668,57551,265197,0.34,76.99,19.31,88.84,41.58,95.45,86.59,81.18,0.0,3637.0,2093.0,5108.0,514.0,2049.0,3265.0,10377.0,0.0,5.429999999999993,2.5199999999999996,8.460000000000008,5.0,4.38000000000001,4.909999999999997,3.180000000000007
2020-11-28,4743,51779,16181,54363,4363,44668,58030,266428,0.34,77.31,19.52,89.97,42.43,95.45,87.32,81.55,1.0,3597.0,2120.0,5102.0,539.0,2049.0,3404.0,10126.0,0.0,5.3700000000000045,2.5599999999999987,8.439999999999998,5.25,4.38000000000001,5.1299999999999955,3.0999999999999943
2020-11-29,4743,51977,16306,54904,4427,44668,58245,267270,0.34,77.6,19.67,90.87,43.05,95.45,87.64,81.81,1.0,3581.0,2147.0,5081.0,530.0,2049.0,3221.0,10085.0,0.0,5.339999999999989,2.5900000000000034,8.41000000000001,5.159999999999997,4.38000000000001,4.849999999999994,3.0799999999999983
2020-11-30,4743,52383,16694,55576,4505,45069,58448,268469,0.34,78.21,20.14,91.98,43.81,96.31,87.94,82.18,1.0,3487.0,2234.0,5123.0,534.0,1938.0,3218.0,10328.0,0.0,5.209999999999994,2.6999999999999993,8.480000000000004,5.200000000000003,4.140000000000001,4.840000000000003,3.160000000000011
2020-12-01,4743,53158,17177,56361,4577,45511,59051,271030,0.34,79.37,20.72,93.28,44.51,97.25,88.85,82.96,1.0,3258.0,2345.0,5055.0,521.0,1843.0,3213.0,10779.0,0.0,4.8700000000000045,2.8299999999999983,8.370000000000005,5.07,3.9399999999999977,4.829999999999998,3.299999999999997
2020-12-02,4744,53468,17659,57045,4645,45784,59699,273814,0.34,79.83,21.3,94.41,45.17,97.84,89.83,83.82,2.0,3187.0,2449.0,5017.0,518.0,1747.0,3166.0,11279.0,0.0,4.760000000000005,2.9499999999999993,8.299999999999997,5.039999999999999,3.740000000000009,4.769999999999996,3.4599999999999937
2020-12-03,4745,53791,18097,58038,4724,46038,60113,276664,0.34,80.31,21.83,96.05,45.94,98.38,90.45,84.69,3.0,3181.0,2457.0,5188.0,515.0,1664.0,3082.0,12894.0,0.0,4.75,2.969999999999999,8.579999999999998,5.009999999999998,3.5600000000000023,4.640000000000001,3.950000000000003
2020-12-04,4746,54418,18577,58852,4803,46252,60617,279276,0.34,81.25,22.41,97.4,46.7,98.84,91.21,85.49,4.0,2851.0,2566.0,5175.0,527.0,1584.0,3066.0,14079.0,0.0,4.260000000000005,3.1000000000000014,8.560000000000002,5.1200000000000045,3.3900000000000006,4.61999999999999,4.309999999999988
2020-12-05,4746,54630,18839,59514,4876,46252,61014,281479,0.34,81.57,22.72,98.5,47.41,98.84,91.81,86.16,3.0,2851.0,2658.0,5151.0,513.0,1584.0,2984.0,15051.0,0.0,4.259999999999991,3.1999999999999993,8.530000000000001,4.979999999999997,3.3900000000000006,4.490000000000009,4.609999999999999
2020-12-06,4746,54804,18989,60078,4963,46252,61245,282603,0.34,81.82,22.9,99.43,48.26,98.84,92.15,86.51,3.0,2827.0,2683.0,5174.0,536.0,1584.0,3000.0,15333.0,0.0,4.219999999999999,3.229999999999997,8.560000000000002,5.210000000000001,3.3900000000000006,4.510000000000005,4.700000000000003
2020-12-07,4746,55170,19434,60606,5041,46646,61434,284060,0.34,82.37,23.44,100.3,49.02,99.68,92.44,86.95,3.0,2787.0,2740.0,5030.0,536.0,1577.0,2986.0,15591.0,0.0,4.160000000000011,3.3000000000000007,8.319999999999993,5.210000000000001,3.3700000000000045,4.5,4.769999999999996
2020-12-08,4746,56001,20002,61240,5122,46646,62033,286608,0.34,83.61,24.13,101.35,49.81,99.68,93.34,87.73,3.0,2843.0,2825.0,4879.0,545.0,1135.0,2982.0,15578.0,0.0,4.239999999999995,3.41,8.069999999999993,5.300000000000004,2.430000000000007,4.490000000000009,4.77000000000001
2020-12-09,4748,56294,20460,61739,5192,47019,62566,289664,0.34,84.05,24.68,102.18,50.49,100.48,94.14,88.67,4.0,2826.0,2801.0,4694.0,547.0,1235.0,2867.0,15850.0,0.0,4.219999999999999,3.379999999999999,7.77000000000001,5.32,2.6400000000000006,4.310000000000002,4.8500000000000085
2020-12-10,4748,56584,21064,62626,5278,47344,63082,292550,0.34,84.48,25.41,103.65,51.32,101.17,94.92,89.55,3.0,2793.0,2967.0,4588.0,554.0,1306.0,2969.0,15886.0,0.0,4.170000000000002,3.580000000000002,7.6000000000000085,5.380000000000003,2.7900000000000063,4.469999999999999,4.859999999999999
2020-12-11,4748,57211,21567,63387,5373,47624,63506,295861,0.34,85.42,26.01,104.91,52.25,101.77,95.55,90.56,2.0,2793.0,2990.0,4535.0,570.0,1372.0,2889.0,16585.0,0.0,4.170000000000002,3.6000000000000014,7.509999999999991,5.549999999999997,2.9299999999999926,4.340000000000003,5.070000000000007
2020-12-12,4749,57210,21900,64036,5461,47624,64026,298158,0.34,85.42,26.42,105.98,53.1,101.77,96.34,91.27,3.0,2580.0,3061.0,4522.0,585.0,1372.0,3012.0,16679.0,0.0,3.8500000000000085,3.700000000000003,7.480000000000004,5.690000000000005,2.9299999999999926,4.530000000000001,5.109999999999999
2020-12-13,4751,57554,22106,64520,5559,47624,64170,299536,0.34,85.93,26.66,106.78,54.06,101.77,96.55,91.69,5.0,2750.0,3117.0,4442.0,596.0,1372.0,2925.0,16933.0,0.0,4.110000000000014,3.7600000000000016,7.349999999999994,5.800000000000004,2.9299999999999926,4.3999999999999915,5.179999999999993
2020-12-14,4754,57925,22634,65011,5649,48013,64402,301022,0.34,86.48,27.3,107.6,54.93,102.6,96.9,92.14,8.0,2755.0,3200.0,4405.0,608.0,1367.0,2968.0,16962.0,0.0,4.109999999999999,3.8599999999999994,7.299999999999997,5.909999999999997,2.9199999999999875,4.460000000000008,5.189999999999998
2020-12-15,4757,58712,23544,65857,5733,48401,64908,304083,0.34,87.66,28.4,109.0,55.75,103.43,97.66,93.08,11.0,2711.0,3542.0,4617.0,611.0,1755.0,2875.0,17475.0,0.0,4.049999999999997,4.27,7.650000000000006,5.939999999999998,3.75,4.319999999999993,5.349999999999994
2020-12-16,4757,59001,24273,66537,5815,48596,65520,307755,0.34,88.09,29.28,110.12,56.55,103.85,98.59,94.2,9.0,2707.0,3813.0,4798.0,623.0,1577.0,2954.0,18091.0,0.0,4.040000000000006,4.600000000000001,7.939999999999998,6.059999999999995,3.3699999999999903,4.450000000000003,5.530000000000001
2020-12-17,4759,59259,25027,67220,5902,48777,66052,311101,0.34,88.48,30.19,111.25,57.39,104.23,99.39,95.23,11.0,2675.0,3963.0,4594.0,624.0,1433.0,2970.0,18551.0,0.0,4.0,4.780000000000001,7.599999999999994,6.07,3.0600000000000023,4.469999999999999,5.680000000000007
2020-12-18,4763,59869,25754,67894,5977,48926,66541,313898,0.34,89.39,31.06,112.37,58.12,104.55,100.12,96.09,15.0,2658.0,4187.0,4507.0,604.0,1302.0,3035.0,18037.0,0.0,3.969999999999999,5.049999999999997,7.460000000000008,5.869999999999997,2.780000000000001,4.570000000000007,5.530000000000001
2020-12-19,4763,60056,26171,68447,6063,48926,67075,316382,0.34,89.67,31.57,113.28,58.96,104.55,100.92,96.85,14.0,2846.0,4271.0,4411.0,602.0,1302.0,3049.0,18224.0,0.0,4.25,5.149999999999999,7.299999999999997,5.859999999999999,2.780000000000001,4.579999999999998,5.579999999999998
2020-12-20,4764,60186,26400,68799,6134,48926,67401,317877,0.34,89.86,31.84,113.86,59.65,104.55,101.42,97.3,13.0,2632.0,4294.0,4279.0,575.0,1302.0,3231.0,18341.0,0.0,3.9299999999999926,5.18,7.079999999999998,5.589999999999996,2.780000000000001,4.8700000000000045,5.609999999999999
2020-12-21,4765,60537,27110,69214,6191,49260,67616,319664,0.34,90.38,32.7,114.55,60.2,105.26,101.74,97.85,11.0,2612.0,4476.0,4203.0,542.0,1247.0,3214.0,18642.0,0.0,3.8999999999999915,5.400000000000002,6.950000000000003,5.270000000000003,2.660000000000011,4.839999999999989,5.709999999999994
2020-12-22,4766,61339,28096,69842,6254,49520,68307,323037,0.34,91.58,33.89,115.59,60.81,105.82,102.78,98.88,9.0,2627.0,4552.0,3985.0,521.0,1119.0,3399.0,18954.0,0.0,3.9200000000000017,5.490000000000002,6.590000000000003,5.060000000000002,2.3899999999999864,5.1200000000000045,5.799999999999997
2020-12-23,4767,61614,28909,70395,6343,49698,69051,326391,0.34,91.99,34.87,116.51,61.68,106.2,103.9,99.91,10.0,2613.0,4636.0,3858.0,528.0,1102.0,3531.0,18636.0,0.0,3.8999999999999915,5.589999999999996,6.390000000000001,5.130000000000003,2.3500000000000085,5.310000000000002,5.709999999999994
2020-12-24,4769,61904,29330,70900,6413,49824,69625,329258,0.34,92.43,35.38,117.34,62.36,106.47,104.76,100.79,10.0,2645.0,4303.0,3680.0,511.0,1047.0,3573.0,18157.0,0.0,3.950000000000003,5.190000000000001,6.090000000000003,4.969999999999999,2.239999999999995,5.3700000000000045,5.560000000000002
2020-12-25,4770,62063,29580,71359,6478,49824,70195,330434,0.34,92.66,35.68,118.1,62.99,106.47,105.62,101.15,7.0,2194.0,3826.0,3465.0,501.0,898.0,3654.0,16536.0,0.0,3.269999999999996,4.620000000000001,5.72999999999999,4.8700000000000045,1.9200000000000017,5.5,5.060000000000002
2020-12-26,4770,62209,29946,71620,6556,49824,70405,332075,0.34,92.88,36.12,118.53,63.75,106.47,105.94,101.65,7.0,2153.0,3775.0,3173.0,493.0,898.0,3330.0,15693.0,0.0,3.2099999999999937,4.549999999999997,5.25,4.789999999999999,1.9200000000000017,5.019999999999996,4.800000000000011
2020-12-27,4771,62382,30297,71925,6619,49824,70752,333289,0.34,93.14,36.54,119.04,64.36,106.47,106.46,102.02,7.0,2196.0,3897.0,3126.0,485.0,898.0,3351.0,15412.0,0.0,3.280000000000001,4.699999999999999,5.180000000000007,4.710000000000001,1.9200000000000017,5.039999999999992,4.719999999999999
2020-12-28,4775,62745,31145,72370,6677,50122,71109,335130,0.34,93.68,37.57,119.77,64.93,107.11,106.99,102.58,10.0,2208.0,4035.0,3156.0,486.0,862.0,3493.0,15466.0,0.0,3.3000000000000114,4.869999999999997,5.219999999999999,4.730000000000004,1.8499999999999943,5.25,4.730000000000004
2020-12-29,4777,63713,32267,73029,6751,50442,71567,338793,0.34,95.13,38.92,120.87,65.65,107.79,107.68,103.71,11.0,2374.0,4171.0,3187.0,497.0,922.0,3260.0,15756.0,0.0,3.549999999999997,5.030000000000001,5.280000000000001,4.840000000000003,1.970000000000013,4.900000000000006,4.829999999999998
2020-12-30,4781,64016,33230,73604,6830,50689,72548,342542,0.34,95.58,40.08,121.82,66.41,108.32,109.16,104.85,14.0,2402.0,4321.0,3209.0,487.0,991.0,3497.0,16151.0,0.0,3.5900000000000034,5.210000000000001,5.309999999999988,4.729999999999997,2.1199999999999903,5.259999999999991,4.939999999999998
2020-12-31,4782,64267,33791,74159,6906,50837,73512,345955,0.34,95.95,40.76,122.74,67.15,108.63,110.61,105.9,13.0,2363.0,4461.0,3259.0,493.0,1013.0,3887.0,16697.0,0.0,3.519999999999996,5.3799999999999955,5.3999999999999915,4.790000000000006,2.1599999999999966,5.849999999999994,5.109999999999999
2021-01-01,4782,64399,34145,74621,6972,50837,74125,347982,0.34,96.15,41.19,123.5,67.8,108.63,111.53,106.52,12.0,2336.0,4565.0,3262.0,494.0,1013.0,3930.0,17548.0,0.0,3.490000000000009,5.509999999999998,5.400000000000006,4.809999999999995,2.1599999999999966,5.909999999999997,5.36999999999999
2021-01-02,4784,64555,34480,74985,7045,50837,74570,350313,0.34,96.38,41.59,124.1,68.51,108.63,112.2,107.23,14.0,2346.0,4534.0,3365.0,489.0,1013.0,4165.0,18238.0,0.0,3.5,5.470000000000006,5.569999999999993,4.760000000000005,2.1599999999999966,6.260000000000005,5.579999999999998
2021-01-03,4784,64671,34791,75332,7118,50837,75024,351657,0.34,96.56,41.96,124.68,69.22,108.63,112.89,107.64,13.0,2289.0,4494.0,3407.0,499.0,1013.0,4272.0,18368.0,0.0,3.4200000000000017,5.420000000000002,5.640000000000001,4.859999999999999,2.1599999999999966,6.430000000000007,5.6200000000000045
2021-01-04,4787,65049,35748,75680,7196,51078,75431,353652,0.34,97.12,43.12,125.25,69.97,109.15,113.5,108.25,12.0,2304.0,4603.0,3310.0,519.0,956.0,4322.0,18522.0,0.0,3.4399999999999977,5.549999999999997,5.480000000000004,5.039999999999992,2.0400000000000063,6.510000000000005,5.670000000000002
2021-01-05,4787,65915,36757,76329,7286,51430,76305,357402,0.34,98.41,44.34,126.33,70.85,109.9,114.81,109.4,10.0,2202.0,4490.0,3300.0,535.0,988.0,4738.0,18609.0,0.0,3.280000000000001,5.420000000000002,5.459999999999994,5.199999999999989,2.1099999999999994,7.1299999999999955,5.690000000000012
2021-01-06,4788,66197,37835,76877,7377,51430,77346,361292,0.34,98.84,45.64,127.23,71.73,109.9,116.38,110.59,7.0,2181.0,4605.0,3273.0,547.0,741.0,4798.0,18750.0,0.0,3.260000000000005,5.560000000000002,5.410000000000011,5.320000000000007,1.5800000000000125,7.219999999999999,5.740000000000009
2021-01-07,4788,66197,38987,77291,7472,51675,78508,365242,0.34,98.84,47.03,127.92,72.66,110.42,118.13,111.8,6.0,1930.0,5196.0,3132.0,566.0,838.0,4996.0,19287.0,0.0,2.8900000000000006,6.270000000000003,5.180000000000007,5.509999999999991,1.7900000000000063,7.519999999999996,5.8999999999999915
2021-01-08,4789,67062,40022,77911,7590,51874,79833,369279,0.34,100.13,48.27,128.95,73.81,110.85,120.12,113.04,7.0,2663.0,5877.0,3290.0,618.0,1037.0,5708.0,21297.0,0.0,3.9799999999999898,7.080000000000005,5.449999999999989,6.010000000000005,2.219999999999999,8.590000000000003,6.52000000000001
2021-01-09,4791,67229,40597,78394,7701,51874,80868,372530,0.34,100.38,48.97,129.74,74.88,110.85,121.68,114.03,7.0,2674.0,6117.0,3409.0,656.0,1037.0,6298.0,22217.0,0.0,4.0,7.3799999999999955,5.640000000000015,6.36999999999999,2.219999999999999,9.480000000000004,6.799999999999997
2021-01-10,4792,67380,40936,78755,7803,51874,81431,374354,0.34,100.6,49.38,130.34,75.88,110.85,122.53,114.59,8.0,2709.0,6145.0,3423.0,685.0,1037.0,6407.0,22697.0,0.0,4.039999999999992,7.420000000000002,5.659999999999997,6.659999999999997,2.219999999999999,9.64,6.950000000000003
2021-01-11,4793,67690,41799,79203,7925,52275,81960,376360,0.34,101.06,50.42,131.08,77.06,111.71,123.32,115.2,6.0,2641.0,6051.0,3523.0,729.0,1197.0,6529.0,22708.0,0.0,3.9399999999999977,7.300000000000004,5.8300000000000125,7.090000000000003,2.559999999999988,9.819999999999993,6.950000000000003
2021-01-12,4794,68431,42889,79819,8080,52683,83203,380826,0.34,102.17,51.73,132.1,78.57,112.58,125.19,116.57,7.0,2516.0,6132.0,3490.0,794.0,1253.0,6898.0,23424.0,0.0,3.760000000000005,7.3899999999999935,5.769999999999996,7.719999999999999,2.6799999999999926,10.379999999999995,7.1699999999999875
2021-01-13,4796,68660,44096,80326,8236,52878,84767,384790,0.34,102.51,53.19,132.94,80.09,113.0,127.55,117.79,8.0,2463.0,6261.0,3449.0,859.0,1448.0,7421.0,23498.0,0.0,3.6700000000000017,7.549999999999997,5.709999999999994,8.36,3.0999999999999943,11.170000000000002,7.200000000000003
2021-01-14,4796,68942,45207,80848,8384,53079,86015,388720,0.34,102.93,54.53,133.81,81.53,113.43,129.42,118.99,8.0,2745.0,6220.0,3557.0,912.0,1404.0,7507.0,23478.0,0.0,4.090000000000003,7.5,5.890000000000001,8.870000000000005,3.010000000000005,11.289999999999992,7.189999999999998
2021-01-15,4796,69578,45705,81325,8543,53314,87295,392525,0.34,103.88,55.13,134.6,83.07,113.93,131.35,120.15,7.0,2516.0,5683.0,3414.0,953.0,1440.0,7462.0,23246.0,0.0,3.75,6.859999999999999,5.650000000000006,9.259999999999991,3.0800000000000125,11.22999999999999,7.109999999999999
2021-01-16,4797,69578,46464,81800,8709,53314,88590,395877,0.34,103.88,56.04,135.38,84.69,113.93,133.3,121.18,6.0,2349.0,5867.0,3406.0,1008.0,1440.0,7722.0,23347.0,0.0,3.5,7.07,5.639999999999986,9.810000000000002,3.0800000000000125,11.620000000000005,7.150000000000006
2021-01-17,4797,69906,46901,82177,8861,53314,89261,397628,0.34,104.37,56.57,136.01,86.16,113.93,134.31,121.72,5.0,2526.0,5965.0,3422.0,1058.0,1440.0,7830.0,23274.0,0.0,3.7700000000000102,7.189999999999998,5.6699999999999875,10.280000000000001,3.0800000000000125,11.780000000000001,7.1299999999999955
2021-01-18,4798,70309,47263,82554,9028,53769,89860,399033,0.34,104.97,57.01,136.63,87.79,114.9,135.21,122.15,5.0,2619.0,5464.0,3351.0,1103.0,1494.0,7900.0,22673.0,0.0,3.9099999999999966,6.589999999999996,5.549999999999983,10.730000000000004,3.190000000000012,11.890000000000015,6.950000000000003
2021-01-19,4800,70963,48997,83157,9246,54173,91470,401807,0.34,105.95,59.1,137.63,89.91,115.76,137.63,122.99,6.0,2532.0,6108.0,3338.0,1166.0,1490.0,8267.0,20981.0,0.0,3.780000000000001,7.3700000000000045,5.530000000000001,11.340000000000003,3.180000000000007,12.439999999999998,6.420000000000002
2021-01-20,4801,71273,50010,83681,9465,54637,93290,406184,0.34,106.41,60.32,138.49,92.04,116.75,140.37,124.33,5.0,2613.0,5914.0,3355.0,1229.0,1759.0,8523.0,21394.0,0.0,3.8999999999999915,7.130000000000003,5.550000000000011,11.950000000000003,3.75,12.820000000000007,6.539999999999992
2021-01-21,4803,71619,50876,84202,9686,55041,94580,410387,0.34,106.93,61.37,139.36,94.19,117.62,142.31,125.62,7.0,2677.0,5669.0,3354.0,1302.0,1962.0,8565.0,21667.0,0.0,4.0,6.839999999999996,5.550000000000011,12.659999999999997,4.189999999999998,12.890000000000015,6.63000000000001
2021-01-22,4803,72268,51713,84674,9920,55441,95981,414147,0.34,107.9,62.38,140.14,96.46,118.47,144.42,126.77,7.0,2690.0,6008.0,3349.0,1377.0,2127.0,8686.0,21622.0,0.0,4.02000000000001,7.25,5.539999999999992,13.39,4.539999999999992,13.069999999999993,6.61999999999999
2021-01-23,4803,72497,51873,85162,10194,55441,97329,417476,0.34,108.24,62.57,140.95,99.13,118.47,146.45,127.79,6.0,2919.0,5409.0,3362.0,1485.0,2127.0,8739.0,21599.0,0.0,4.359999999999999,6.530000000000001,5.569999999999993,14.439999999999998,4.539999999999992,13.149999999999977,6.609999999999999
2021-01-24,4804,72668,52296,85461,10469,55441,97939,419251,0.34,108.5,63.08,141.44,101.8,118.47,147.36,128.33,7.0,2762.0,5395.0,3284.0,1608.0,2127.0,8678.0,21623.0,0.0,4.1299999999999955,6.509999999999998,5.430000000000007,15.64,4.539999999999992,13.050000000000011,6.610000000000014
2021-01-25,4807,73113,53127,85881,10721,56208,98531,421168,0.35,109.16,64.08,142.14,104.25,120.11,148.26,128.92,9.0,2804.0,5864.0,3327.0,1693.0,2439.0,8671.0,22135.0,0.009999999999999953,4.189999999999998,7.07,5.509999999999991,16.459999999999994,5.209999999999994,13.049999999999983,6.769999999999982
2021-01-26,4809,73725,53619,86422,11012,56794,100162,425252,0.35,110.07,64.67,143.03,107.08,121.36,150.71,130.17,9.0,2762.0,4622.0,3265.0,1766.0,2621.0,8692.0,23445.0,0.009999999999999953,4.11999999999999,5.57,5.400000000000006,17.17,5.599999999999994,13.080000000000013,7.179999999999993
2021-01-27,4811,74075,54498,86889,11305,57291,101887,429195,0.35,110.6,65.73,143.8,109.93,122.43,153.3,131.38,10.0,2802.0,4488.0,3208.0,1840.0,2654.0,8597.0,23011.0,0.009999999999999953,4.189999999999998,5.410000000000004,5.310000000000002,17.89,5.680000000000007,12.930000000000007,7.049999999999997
2021-01-28,4813,74075,55883,87381,11608,57806,103126,433196,0.35,110.6,67.41,144.62,112.88,123.53,155.17,132.6,10.0,2456.0,5007.0,3179.0,1922.0,2765.0,8546.0,22809.0,0.009999999999999953,3.6699999999999875,6.039999999999999,5.259999999999991,18.689999999999998,5.909999999999997,12.859999999999985,6.97999999999999
2021-01-29,4814,75238,56286,87858,11886,58319,104371,436799,0.35,112.33,67.89,145.41,115.58,124.62,157.04,133.71,11.0,2970.0,4573.0,3184.0,1966.0,2878.0,8390.0,22652.0,0.009999999999999953,4.429999999999993,5.509999999999998,5.27000000000001,19.120000000000005,6.150000000000006,12.620000000000005,6.940000000000012
2021-01-30,4815,75478,57105,88279,12179,58319,105571,439530,0.35,112.69,68.88,146.1,118.43,124.62,158.85,134.54,12.0,2981.0,5232.0,3117.0,1985.0,2878.0,8242.0,22054.0,0.009999999999999953,4.450000000000003,6.309999999999995,5.150000000000006,19.30000000000001,6.150000000000006,12.400000000000006,6.749999999999986
2021-01-31,4817,75673,57163,88516,12482,58319,106158,441324,0.35,112.98,68.95,146.5,121.38,124.62,159.73,135.09,13.0,3005.0,4867.0,3055.0,2013.0,2878.0,8219.0,22073.0,0.009999999999999953,4.480000000000004,5.8700000000000045,5.060000000000002,19.58,6.150000000000006,12.369999999999976,6.759999999999991
2021-02-01,4818,76128,58059,88845,12757,59081,106564,443355,0.35,113.66,70.03,147.04,124.05,126.25,160.34,135.71,11.0,3015.0,4932.0,2964.0,2036.0,2873.0,8033.0,22187.0,0.0,4.5,5.950000000000003,4.900000000000006,19.799999999999997,6.140000000000001,12.080000000000013,6.7900000000000205
2021-02-02,4820,76852,58992,89344,13017,59805,108013,446885,0.35,114.74,71.16,147.87,126.58,127.8,162.52,136.79,11.0,3127.0,5373.0,2922.0,2005.0,3011.0,7851.0,21633.0,0.0,4.670000000000002,6.489999999999995,4.840000000000003,19.5,6.439999999999998,11.810000000000002,6.6200000000000045
